Date,Area Name,Road/Intersection Name,Traffic Volume,Average Speed,Travel Time Index,Congestion Level,Road Capacity Utilization,Incident Reports,Environmental Impact,Public Transport Usage,Traffic Signal Compliance,Parking Usage,Pedestrian and Cyclist Count,Weather Conditions,Roadwork and Construction Activity
2022-01-01,Whitefield,Marathahalli Bridge,7399,54.47439821046639,1.0390688456025536,28.34799386357647,36.39652493739601,0,64.798,44.66238370778891,61.375540844608736,95.4660201039391,189,Clear,No
2022-01-03,Whitefield,Marathahalli Bridge,9154,40.2261826942468,1.3788994309535434,40.23335460979075,48.30378185258941,0,68.30799999999999,15.845050168906813,91.08587663709748,77.92021248679025,197,Clear,No
2022-01-04,Whitefield,Marathahalli Bridge,20450,24.607678222398995,1.3616634777974994,65.13177600713266,100.0,1,90.9,53.54606901595115,94.4945483498698,97.47603118288212,100,Clear,No
2022-01-06,Whitefield,Marathahalli Bridge,20310,51.72257284413772,1.103155074173281,60.48712148145648,100.0,1,90.62,22.01755000938125,70.89229306077476,50.919533827373336,117,Clear,No
2022-01-08,Whitefield,Marathahalli Bridge,16390,34.37367222583899,1.2757859876549065,60.64506731551499,78.9515024424481,0,82.78,17.31974882340802,85.45720998174546,85.32378632434506,78,Fog,No
2022-01-11,Whitefield,Marathahalli Bridge,40629,28.94285076996661,1.5,100.0,100.0,2,131.25799999999998,46.28856153616429,66.00676003268167,86.87168843607428,100,Clear,Yes
2022-01-12,Whitefield,Marathahalli Bridge,29583,53.8661464608941,1.5,100.0,100.0,3,109.166,15.39407953940318,62.342037169759166,66.71191593480305,109,Fog,No
2022-01-18,Whitefield,Marathahalli Bridge,24990,51.19926332395805,1.024881290465881,76.2460608855794,100.0,2,99.98,77.05538847397393,81.18638895782479,62.09466470564446,100,Clear,No
2022-01-20,Whitefield,Marathahalli Bridge,9673,58.40461051790348,1.2594019280474753,27.59137389048416,43.51610684214475,1,69.346,57.32184016367832,88.26519479514837,80.50037085397429,192,Clear,No
2022-01-21,Whitefield,Marathahalli Bridge,21898,57.44679580736786,1.142754390068444,70.06911650806205,100.0,4,93.796,34.80974641551384,80.22536613687835,97.05604062668368,113,Clear,No
2022-01-23,Whitefield,Marathahalli Bridge,33372,38.084501083315146,1.5,100.0,100.0,1,116.744,24.755517108502005,69.1746310815069,73.45536055237893,93,Clear,No
2022-01-24,Whitefield,Marathahalli Bridge,5915,62.24696649761108,1.3356721579921194,12.930258360903569,24.8247166211705,0,61.83,26.623498972658023,61.984574933553496,86.22991434238145,180,Clear,No
2022-01-27,Whitefield,Marathahalli Bridge,23141,23.851337049830093,1.3715438199382262,73.77609676138358,100.0,0,96.282,15.711910400338684,70.34366364539136,51.39261204105373,104,Clear,No
2022-01-28,Whitefield,Marathahalli Bridge,23387,53.03919330880721,1.11853032075992,70.82605580702706,100.0,2,96.774,75.7698012317616,90.20534469780785,79.33119591418313,111,Clear,No
2022-01-30,Whitefield,Marathahalli Bridge,7796,63.06516210662009,1.3396392079834705,23.65460948783185,35.66278588507713,1,65.592,23.243705467324844,88.81535994345782,75.55568192447502,204,Overcast,No
2022-01-31,Whitefield,Marathahalli Bridge,14771,37.90211007766465,1.1199590371978143,52.09256807679285,74.8644548453772,1,79.542,67.67983563159848,68.16350644623041,73.4520373759077,214,Clear,No
2022-02-01,Whitefield,Marathahalli Bridge,16695,45.86697699414397,1.2910524550798754,64.10207514187915,86.09712058314176,0,83.39,23.44163583954412,86.66742607570052,81.16897829799535,103,Clear,No
2022-02-03,Whitefield,Marathahalli Bridge,28961,27.788154431485445,1.5,96.6267251477634,100.0,0,107.922,55.380826910916106,80.44375285889592,72.27589072465805,113,Clear,No
2022-02-04,Whitefield,Marathahalli Bridge,22498,49.385017695657375,1.0417252349407529,67.90364298908052,100.0,0,94.996,42.70826972052518,64.26847276409417,82.4778003378481,113,Rain,Yes
2022-02-07,Whitefield,Marathahalli Bridge,8584,41.29774408133645,1.0515610340293997,33.01326938588226,38.93165619613104,1,67.168,65.22397740761069,69.34761795301455,81.960091469498,188,Overcast,No
2022-02-08,Whitefield,Marathahalli Bridge,14625,31.494440356570166,1.1018655063559848,48.52901852876904,72.19907881354685,1,79.25,19.95269634711461,62.1130357563441,81.29205974911879,200,Clear,No
2022-02-09,Whitefield,Marathahalli Bridge,30103,36.892033034742354,1.5,99.65784488668328,100.0,2,110.206,34.97393432444758,66.57081797823712,75.18597172949782,111,Clear,No
2022-02-10,Whitefield,Marathahalli Bridge,17493,48.2557781678707,1.1839767805175851,60.4494623254853,84.34999852795562,2,84.98599999999999,44.63781661203824,63.44464442025495,77.95683282314842,100,Clear,No
2022-02-11,Whitefield,Marathahalli Bridge,36452,24.068924393998785,1.5,100.0,100.0,2,122.904,65.30919616082758,68.71123207070275,83.8518907441005,110,Fog,No
2022-02-12,Whitefield,Marathahalli Bridge,25826,29.42869427427769,1.5,80.03151999000701,100.0,3,101.652,45.80679485666451,96.74086121772484,95.20568302397524,88,Rain,No
2022-02-13,Whitefield,Marathahalli Bridge,14663,37.18727500305606,1.3223623370133764,44.470143797595526,70.23021322050148,0,79.326,70.59515254609124,69.6539881535,53.926812139639935,194,Clear,No
2022-02-15,Whitefield,Marathahalli Bridge,16914,65.98221474546747,1.3776165113123708,54.305545249834005,86.50863342328395,0,83.828,45.880335114694816,70.7109725841647,72.74753884209998,99,Overcast,No
2022-02-19,Whitefield,Marathahalli Bridge,26527,42.54958766141964,1.5,88.41570157330857,100.0,3,103.054,61.17720881024935,69.68733782375071,58.58549944868441,101,Rain,No
2022-02-21,Whitefield,Marathahalli Bridge,17194,33.63550061339296,1.1664868124129255,50.90651911393158,87.86109081486823,0,84.388,70.10704384506474,64.69903595505971,89.2833300972228,105,Rain,No
2022-02-23,Whitefield,Marathahalli Bridge,23595,28.04037991622741,1.3968063877587342,82.38300846708074,100.0,2,97.19,18.60378277795715,68.12282371680249,70.09759623076098,112,Rain,No
2022-02-24,Whitefield,Marathahalli Bridge,24414,26.138712960489737,1.0661481702052744,90.93425625651,100.0,5,98.828,33.840315619478304,72.04636079141781,78.91148930847568,100,Clear,No
2022-02-27,Whitefield,Marathahalli Bridge,29081,44.42409295034135,1.5,100.0,100.0,2,108.162,59.07987919685039,71.62571877226125,64.8746334996334,94,Clear,Yes
2022-03-01,Whitefield,Marathahalli Bridge,15991,44.58740347349939,1.1409730926155366,54.40153000984152,76.83541092588786,1,81.982,25.8500723561355,79.22856225937423,74.94255118721371,91,Clear,No
2022-03-05,Whitefield,Marathahalli Bridge,30619,35.79649582613925,1.5,100.0,100.0,1,111.238,21.119688436076903,67.8266518250137,98.64886902101524,88,Clear,No
2022-03-06,Whitefield,Marathahalli Bridge,31359,32.56589697432092,1.5,95.46159884173082,100.0,4,112.718,69.1793441190539,71.87200820207356,67.71328606638129,87,Clear,No
2022-03-07,Whitefield,Marathahalli Bridge,17558,51.59340995069112,1.0809870168383,67.70754660409483,87.81402793480127,2,85.116,15.953053491424978,68.79964507587722,50.44074166472363,107,Fog,No
2022-03-09,Whitefield,Marathahalli Bridge,20497,53.10863732760524,1.1299002435868808,75.01930318493214,100.0,2,90.994,24.612211767904046,79.43282235441596,54.29868676396058,112,Overcast,No
2022-03-11,Whitefield,Marathahalli Bridge,30896,25.362394016244828,1.5,100.0,100.0,4,111.792,66.70485157604594,79.25104602046467,72.53117125540845,98,Overcast,No
2022-03-13,Whitefield,Marathahalli Bridge,33299,39.79939741148279,1.5,100.0,100.0,3,116.598,73.74287551608236,60.59320649726831,90.4551608411523,120,Clear,Yes
2022-03-14,Whitefield,Marathahalli Bridge,16322,60.371378108818,1.3711876247148178,52.98169483349375,85.30812365813924,0,82.644,78.54737950913896,98.39337525595508,66.45683527780402,114,Clear,No
2022-03-17,Whitefield,Marathahalli Bridge,27755,44.15823781597605,1.5,87.62129100503797,100.0,0,105.51,39.83060839155067,97.8337763625086,60.88645171235123,92,Rain,No
2022-03-19,Whitefield,Marathahalli Bridge,28655,32.34171634353008,1.5,95.39264458098158,100.0,1,107.31,72.04070213259797,70.85936869999435,51.94861819842115,103,Overcast,No
2022-03-22,Whitefield,Marathahalli Bridge,18542,63.68527188073091,1.2159792908885536,55.75835838323303,92.01716621608011,0,87.084,73.08323853682211,70.43340651215905,93.39142510824664,104,Fog,Yes
2022-03-23,Whitefield,Marathahalli Bridge,24376,43.18441078404768,1.3966030753114007,81.87730921816356,100.0,1,98.752,69.92667325654685,66.69691790985004,63.2767802806881,98,Clear,No
2022-03-24,Whitefield,Marathahalli Bridge,10060,58.63048321276752,1.3888195859102856,30.762900015218843,49.24133242828312,0,70.12,14.937400666612533,90.91217971446964,62.48405321696625,204,Clear,No
2022-03-25,Whitefield,Marathahalli Bridge,13908,42.91082042629128,1.279594043269794,45.48480088106671,69.85144632564665,0,77.816,19.78401627654461,83.33661741040495,99.25048739147232,178,Overcast,Yes
2022-03-26,Whitefield,Marathahalli Bridge,7366,41.40031578575876,1.0411234246943415,16.103079136048322,37.76259470175377,0,64.732,35.28699558287073,94.48070864520068,71.21690698981378,224,Clear,No
2022-03-27,Whitefield,Marathahalli Bridge,22005,43.78924567609446,1.1957323326496945,79.61686658090218,100.0,0,94.01,20.754206427528665,90.57600445557225,86.1997692072369,102,Overcast,No
2022-03-28,Whitefield,Marathahalli Bridge,21453,31.91315869010861,1.037725060585099,70.07256101420282,100.0,5,92.906,69.96091109592203,63.02578722629399,73.14153285994038,113,Fog,No
2022-03-30,Whitefield,Marathahalli Bridge,33720,40.08535317627131,1.5,100.0,100.0,1,117.44,20.212247253830107,82.12151375958405,82.43609400774528,97,Overcast,No
2022-04-04,Whitefield,Marathahalli Bridge,24153,32.71651234762096,1.2388602817932588,79.66090814746825,100.0,2,98.306,35.12390936986215,82.64819294028581,61.89620811224917,90,Overcast,Yes
2022-04-05,Whitefield,Marathahalli Bridge,30987,51.186680462086265,1.5,100.0,100.0,1,111.974,75.74382029780334,92.3698334701393,91.03127965335972,90,Clear,No
2022-04-07,Whitefield,Marathahalli Bridge,26921,43.62939711242224,1.5,97.83620430230027,100.0,0,103.842,43.05844225566507,61.17174820021483,98.72662768311872,91,Clear,No
2022-04-09,Whitefield,Marathahalli Bridge,15303,54.94002788368847,1.0067333279442243,48.81578201678667,78.06022269010941,0,80.606,40.239131469761006,62.26860553128902,79.40463957569786,108,Clear,Yes
2022-04-10,Whitefield,Marathahalli Bridge,20795,41.373380286439215,1.3854748663826604,78.25246220116986,100.0,4,91.59,63.42220699268172,89.87392485184472,75.48613527832406,115,Clear,No
2022-04-17,Whitefield,Marathahalli Bridge,29229,46.08980238527103,1.5,100.0,100.0,1,108.458,37.41213166450888,62.993712858856206,73.75735900784413,98,Clear,No
2022-04-18,Whitefield,Marathahalli Bridge,21101,42.86568934801759,1.132114804996844,74.83407678094801,100.0,0,92.202,21.4325686800016,85.62933437229782,90.67077071604344,95,Clear,No
2022-04-19,Whitefield,Marathahalli Bridge,39760,42.42288507578304,1.5,100.0,100.0,1,129.51999999999998,37.686186017529,94.1478285592416,87.74634183188473,100,Clear,No
2022-04-20,Whitefield,Marathahalli Bridge,25780,37.618572072457255,1.5,92.44207164543327,100.0,1,101.56,36.06987258231778,64.44185549167594,98.55527541823773,102,Clear,No
2022-04-21,Whitefield,Marathahalli Bridge,8970,32.267445481931404,1.0394060293874134,31.11313707001364,41.04885870824005,0,67.94,22.053196928903397,62.68914542283242,83.56649086932951,198,Clear,No
2022-04-25,Whitefield,Marathahalli Bridge,23597,36.27405473593847,1.0092253547988908,75.59281465302475,100.0,0,97.194,72.18342387451321,96.37996171762865,55.24951875625676,83,Clear,No
2022-04-26,Whitefield,Marathahalli Bridge,18077,38.308572493326665,1.1870632496752165,58.84010722184791,91.82978025979884,1,86.154,16.948210451643643,94.11224444363609,75.31983523262295,108,Overcast,No
2022-04-28,Whitefield,Marathahalli Bridge,11712,46.02382198347653,1.2273451035390377,30.109314482512566,58.65750411613767,0,73.424,47.426672842501766,76.90133419539907,64.21129253187712,222,Rain,No
2022-04-30,Whitefield,Marathahalli Bridge,12485,48.11039065368078,1.1974309754688728,40.34929308454987,60.115510550804856,1,74.97,13.7150947519957,90.70701732149116,83.29650156103399,200,Clear,No
2022-05-01,Whitefield,Marathahalli Bridge,12337,38.04897337923473,1.2826243257291992,48.52816649827337,64.53273203142385,0,74.674,17.170948136285737,88.39069135766215,68.14143623634368,176,Clear,No
2022-05-03,Whitefield,Marathahalli Bridge,27025,41.3695253999487,1.5,84.46623269798495,100.0,2,104.05,68.4217017039822,90.8402975443954,90.69580532830425,100,Clear,No
2022-05-04,Whitefield,Marathahalli Bridge,37008,34.394230597485446,1.5,100.0,100.0,3,124.016,15.914307297138029,62.74011852408523,79.77521076430514,97,Rain,No
2022-05-06,Whitefield,Marathahalli Bridge,41527,37.274672678806986,1.5,100.0,100.0,4,133.054,79.32621660770485,88.05479446930458,60.43502080709047,97,Clear,No
2022-05-07,Whitefield,Marathahalli Bridge,24896,30.443182734064848,1.1865788359035565,84.50203829771235,100.0,4,99.792,42.92894332313669,71.14912173341519,68.98951307389777,103,Rain,No
2022-05-08,Whitefield,Marathahalli Bridge,21194,33.70184969735437,1.3234834579282977,64.45309112978703,100.0,1,92.388,16.076320160024466,60.86562759898339,79.7006350454042,113,Clear,Yes
2022-05-10,Whitefield,Marathahalli Bridge,16371,35.587068638634186,1.0319943831762786,56.61906526327189,85.36126644813613,0,82.74199999999999,65.9908023169981,75.77909763928474,57.9745316915605,86,Clear,Yes
2022-05-12,Whitefield,Marathahalli Bridge,15194,39.92971737208976,1.0044955930661508,45.190574960420726,74.29711581932374,0,80.388,52.55328870080034,82.75201395535032,54.85178892549625,121,Fog,No
2022-05-15,Whitefield,Marathahalli Bridge,17173,49.41488039260352,1.234954476303523,50.468069502026246,81.01722471491492,1,84.346,55.55579992040557,92.52738680798385,71.71138884964861,87,Clear,No
2022-05-16,Whitefield,Marathahalli Bridge,22157,28.470654376270403,1.1537270541833486,80.89856702760758,100.0,3,94.314,77.93336525092477,83.20468132168124,91.0596379181807,110,Windy,Yes
2022-05-18,Whitefield,Marathahalli Bridge,16523,30.103903876489973,1.3624642538127572,63.33119918843461,78.16263777525826,0,83.04599999999999,27.158334002064045,70.202378098779,54.74445876196256,97,Clear,No
2022-05-20,Whitefield,Marathahalli Bridge,19892,41.95599059881499,1.2604502979809298,70.96190389430033,95.7107123945057,1,89.78399999999999,36.58982401337165,90.5377958230426,85.68540511371621,105,Clear,No
2022-05-22,Whitefield,Marathahalli Bridge,22535,42.342487591121554,1.1118780053427906,71.53910732782944,100.0,3,95.07,43.32358357513392,85.88248828196197,52.779031724203854,107,Clear,No
2022-05-23,Whitefield,Marathahalli Bridge,22824,36.749881015938136,1.0258191220095534,79.1067988173902,100.0,6,95.648,67.26664265321159,67.28270449112098,52.81124579120966,122,Windy,No
2022-05-28,Whitefield,Marathahalli Bridge,26736,38.15090233469574,1.5,79.14183082045915,100.0,1,103.472,47.237971194507445,89.87306024596376,70.61362612371899,105,Clear,No
2022-05-29,Whitefield,Marathahalli Bridge,15473,42.0019880235068,1.3213510285751684,50.366503996229454,73.83585992270386,0,80.946,30.855832111032736,91.9206207481781,68.22299239698218,88,Clear,Yes
2022-06-02,Whitefield,Marathahalli Bridge,34267,29.532418519879464,1.5,100.0,100.0,1,118.534,54.62245402143362,98.46067226507276,98.81048028982164,106,Clear,No
2022-06-03,Whitefield,Marathahalli Bridge,8718,31.645347065518813,1.0289493372070018,21.21284843666928,45.06035024567088,1,67.436,44.27711458615933,97.82845459934634,97.27717810879848,192,Clear,No
2022-06-11,Whitefield,Marathahalli Bridge,25025,43.94657451692005,1.5,80.79055490157211,100.0,2,100.05,74.5678948804681,79.8584351380165,86.68062014158336,85,Clear,No
2022-06-13,Whitefield,Marathahalli Bridge,20684,51.28378380391216,1.1427806278056345,74.59791647252014,100.0,3,91.368,26.7647782750706,60.00981162047973,90.14245534941406,111,Clear,No
2022-06-16,Whitefield,Marathahalli Bridge,9085,41.44977489937168,1.1511736425380212,36.916125853226205,46.98998312578887,0,68.17,26.582418528293136,96.88624371376608,52.71004044210167,208,Clear,No
2022-06-17,Whitefield,Marathahalli Bridge,38935,47.77374038513223,1.5,100.0,100.0,1,127.87,76.81932217437667,74.39163816369611,94.15784443310272,96,Clear,No
2022-06-18,Whitefield,Marathahalli Bridge,22567,45.4819217725983,1.2586351802115303,77.92307513058215,100.0,2,95.134,69.69063644843295,61.09944185150815,55.14187074846775,86,Rain,No
2022-06-19,Whitefield,Marathahalli Bridge,30553,30.92101075456352,1.5,93.97260940508689,100.0,4,111.106,53.63156216574454,92.90908884989388,86.82258927099002,102,Fog,No
2022-06-20,Whitefield,Marathahalli Bridge,6611,53.75214975163386,1.2612984861423704,16.244700484076315,35.90770065910075,0,63.222,72.66052800631962,93.61686770163178,83.94036718191927,173,Overcast,No
2022-06-23,Whitefield,Marathahalli Bridge,17574,37.23008788306456,1.2295476867628825,49.21614734155885,88.29916349932941,1,85.148,72.81531367793227,69.45041627498547,53.82365663220271,88,Clear,No
2022-06-24,Whitefield,Marathahalli Bridge,13333,51.71796945186248,1.1976344172924644,44.09485700775348,66.20057629715737,1,76.666,73.3015113549329,91.65362012854138,66.65611821216619,185,Clear,No
2022-06-25,Whitefield,Marathahalli Bridge,20262,45.71777826237693,1.043484695710793,63.33274957503677,100.0,0,90.524,43.60861123333088,82.8608386358384,77.96290065196716,94,Overcast,No
2022-06-26,Whitefield,Marathahalli Bridge,15167,24.90070735531426,1.3388452893963678,59.310932339726165,75.09310309633254,1,80.334,20.979660432745927,97.97003278539192,75.48400667641656,90,Fog,No
2022-06-27,Whitefield,Marathahalli Bridge,6975,46.85687308842274,1.3058592963164104,18.40475447630039,36.61687410808655,1,63.95,28.686640527603483,70.68359108702273,93.1524021720665,204,Clear,No
2022-06-29,Whitefield,Marathahalli Bridge,35054,44.59875461284889,1.5,100.0,100.0,4,120.108,18.046655573156627,74.78209682691283,68.21613785987999,86,Clear,No
2022-07-02,Whitefield,Marathahalli Bridge,15757,57.464800012775775,1.1286442401023289,53.74740997751056,76.3902319744575,0,81.514,33.28236044624293,92.16564089658584,96.21278632190004,108,Clear,No
2022-07-03,Whitefield,Marathahalli Bridge,26646,30.5580269685723,1.5,92.97578313819804,100.0,0,103.292,60.45764426966203,81.60033408638313,91.25000145077829,100,Clear,No
2022-07-04,Whitefield,Marathahalli Bridge,20748,38.40606949981809,1.3995121622994895,72.5796446477047,100.0,0,91.496,51.90691802548746,85.66805883744257,90.82029637515676,98,Clear,No
2022-07-05,Whitefield,Marathahalli Bridge,24290,31.329364049997,1.204805298307518,83.04557926925968,100.0,4,98.58,53.5847546891828,82.02810711924384,94.9302031627953,114,Clear,No
2022-07-09,Whitefield,Marathahalli Bridge,14445,41.75067265648056,1.3528941406456996,50.4585515266472,75.18963308956448,0,78.89,38.71652114012976,72.70484842146912,71.92133060492455,204,Overcast,No
2022-07-12,Whitefield,Marathahalli Bridge,24363,49.32427280835588,1.0199974470019666,90.98524275473254,100.0,2,98.726,22.41173397993964,67.10809457106863,92.91998406040804,113,Clear,No
2022-07-13,Whitefield,Marathahalli Bridge,17335,38.85018246589368,1.3618990632697547,55.61870065130529,87.30698596606678,3,84.67,27.371609024649658,61.965781758207086,80.82712104945256,106,Overcast,No
2022-07-14,Whitefield,Marathahalli Bridge,17858,42.90443202307043,1.0795720488500131,53.95520802387012,92.75191376584804,1,85.71600000000001,14.152693297802776,63.61296548221151,63.06904176881817,108,Clear,No
2022-07-17,Whitefield,Marathahalli Bridge,39144,35.32597046636332,1.5,100.0,100.0,2,128.288,14.212832444773332,72.89992962779857,69.9266245954219,111,Overcast,No
2022-07-19,Whitefield,Marathahalli Bridge,23757,47.05129300735403,1.2578372652044,75.5245408741265,100.0,4,97.514,39.05627918395132,84.59586555058922,62.96590422094861,96,Overcast,No
2022-07-22,Whitefield,Marathahalli Bridge,29734,46.99497450725151,1.5,100.0,100.0,3,109.468,65.37338201883551,69.84436948544685,64.09483561420247,119,Clear,No
2022-07-23,Whitefield,Marathahalli Bridge,17047,52.8847104001319,1.322382451131216,66.61824683149177,88.87931606155702,0,84.094,31.75377293580802,82.78706346298804,81.92932751172262,95,Clear,No
2022-07-24,Whitefield,Marathahalli Bridge,26956,46.91143372748036,1.5,98.78751446771972,100.0,0,103.912,73.59110469301865,66.41996475416325,84.86591696937163,113,Overcast,No
2022-07-25,Whitefield,Marathahalli Bridge,16281,36.37861217546328,1.1532690649890531,45.19923324555091,83.44478864867978,2,82.562,77.80611581341569,96.56256578129826,77.56758125500659,98,Fog,No
2022-07-26,Whitefield,Marathahalli Bridge,28321,43.04470582979127,1.5,85.88184486449501,100.0,3,106.642,20.11826129848224,91.80147197451582,72.68828196142037,111,Clear,No
2022-07-28,Whitefield,Marathahalli Bridge,31787,38.447412877670445,1.5,100.0,100.0,0,113.574,30.767506013428843,72.54605634578081,79.7887217429612,102,Fog,No
2022-07-29,Whitefield,Marathahalli Bridge,7581,36.48746302435837,1.1241921895239055,31.27773393119678,41.33755475312653,0,65.162,18.67579187389932,85.36649937285674,90.23117778477156,239,Clear,No
2022-07-30,Whitefield,Marathahalli Bridge,14541,37.902883733312684,1.255402210358107,46.15700668688299,69.41664374758307,3,79.082,13.988771745731668,64.26968071577744,63.80240398856496,187,Windy,No
2022-07-31,Whitefield,Marathahalli Bridge,20344,42.54996994841916,1.3050927333675535,62.19636078221304,98.15529275071856,0,90.688,57.00466787041136,82.78250962659665,82.82553244736816,86,Clear,No
2022-08-01,Whitefield,Marathahalli Bridge,16736,34.22919803150008,1.2395132475909014,57.51010786932261,85.09889809224838,2,83.47200000000001,51.1442143118248,63.13344884989086,56.00712191777976,105,Fog,No
2022-08-02,Whitefield,Marathahalli Bridge,10394,44.80290711602086,1.3104352989792136,43.50550903113943,56.12170628945464,1,70.788,59.82418936813274,69.03431851222746,59.3776343602827,214,Overcast,Yes
2022-08-04,Whitefield,Marathahalli Bridge,6294,56.53033415512948,1.173409459040315,19.432012358938493,32.79409288742543,0,62.588,39.54742334435976,60.67820085962915,81.04813073156896,219,Windy,No
2022-08-06,Whitefield,Marathahalli Bridge,16349,43.44298668532497,1.16744485651582,63.75927091600244,82.57972366790148,0,82.69800000000001,48.213329688377,99.7418059089697,78.25858435496374,92,Clear,No
2022-08-08,Whitefield,Marathahalli Bridge,34303,25.69350435442264,1.5,100.0,100.0,1,118.606,25.509306218318,64.75943375998723,82.47755919957329,108,Overcast,No
2022-08-09,Whitefield,Marathahalli Bridge,17366,48.10415935217892,1.1686434428001955,59.09490736823184,84.11385036726863,0,84.732,33.5752865439344,86.22102191886094,99.23494758375554,110,Clear,Yes
2022-08-13,Whitefield,Marathahalli Bridge,18172,37.48489683145203,1.1293107689872648,55.355010597259614,92.3455801446704,0,86.344,21.941780197112287,76.32120914677775,67.77999811700155,95,Clear,No
2022-08-14,Whitefield,Marathahalli Bridge,27326,53.18106207891991,1.5,86.9473032585126,100.0,1,104.652,48.81590577675911,89.95714679523654,50.61167864111332,93,Clear,No
2022-08-17,Whitefield,Marathahalli Bridge,23884,45.12853069155604,1.2161469448460152,85.31296797330998,100.0,1,97.768,73.95659377464116,67.43209572825822,65.918020657224,115,Clear,Yes
2022-08-18,Whitefield,Marathahalli Bridge,29153,21.58953485414811,1.5,95.30994525132654,100.0,0,108.306,74.71305926706445,60.98955630151532,55.27336309028262,98,Clear,No
2022-08-20,Whitefield,Marathahalli Bridge,22829,45.265135672152326,1.2062344667566416,73.97185609247919,100.0,3,95.658,69.29804071117921,73.66676560177667,67.81459435974746,113,Clear,No
2022-08-21,Whitefield,Marathahalli Bridge,6736,47.170695806480296,1.3428460600100425,23.99961386246333,29.273756419310946,0,63.472,53.14363670652888,73.41993272775314,75.65883342969778,223,Clear,No
2022-08-27,Whitefield,Marathahalli Bridge,16119,45.23884446860462,1.257114568518803,48.95246936935046,80.79364428786617,1,82.238,36.14553408097417,75.33702219354882,98.35167542958654,107,Clear,No
2022-08-30,Whitefield,Marathahalli Bridge,29229,20.0,1.5,100.0,100.0,2,108.458,12.218219467892377,78.50901506678632,86.20353851645544,94,Clear,No
2022-09-01,Whitefield,Marathahalli Bridge,26331,45.62697401333146,1.5,93.17547777827758,100.0,3,102.662,77.90458102796696,96.005589313028,78.38101137314142,92,Clear,No
2022-09-02,Whitefield,Marathahalli Bridge,18056,42.62522663456426,1.2067547547681428,57.30309795368895,88.7119406746729,0,86.112,47.83065540200717,77.76461577809307,59.81623920636119,75,Clear,No
2022-09-03,Whitefield,Marathahalli Bridge,7098,34.117383613490034,1.3980885013424522,33.49375475312251,32.360488468370846,0,64.196,44.43344593923028,65.9513733495084,75.20197040790958,196,Overcast,No
2022-09-04,Whitefield,Marathahalli Bridge,17562,42.12204276060663,1.2030501581702064,62.18358118451658,92.5726417251028,1,85.124,65.18477503279837,89.93348596904076,61.63084972386128,95,Clear,No
2022-09-08,Whitefield,Marathahalli Bridge,32273,41.80941043233798,1.5,99.2593024260872,100.0,1,114.546,48.55125019703647,88.38667798337241,93.91390789615916,99,Clear,No
2022-09-09,Whitefield,Marathahalli Bridge,19952,45.61373677679449,1.324017991573803,65.95057063347781,96.29231517905984,0,89.904,65.78778873352691,88.11972736892402,75.32639762698805,94,Rain,No
2022-09-10,Whitefield,Marathahalli Bridge,26837,38.19285734156989,1.5,79.51829463205283,100.0,0,103.674,16.796839109134375,97.8310965255962,96.80414672575262,108,Overcast,Yes
2022-09-11,Whitefield,Marathahalli Bridge,26945,27.31191134378242,1.5,96.10824449684472,100.0,3,103.89,22.38973339733117,65.2254481929512,59.10117605583857,119,Fog,No
2022-09-12,Whitefield,Marathahalli Bridge,25714,23.191969183528823,1.5,94.0047798986748,100.0,1,101.428,76.88236716248329,63.40604963403609,88.55924667676621,101,Clear,No
2022-09-13,Whitefield,Marathahalli Bridge,24754,60.67819281195702,1.2360660509804138,84.80065013023489,100.0,3,99.508,63.41001739178272,72.74273054863926,68.6763122533726,97,Clear,No
2022-09-15,Whitefield,Marathahalli Bridge,15372,31.88344779800982,1.259902379933299,51.57650440048039,75.62278176574445,0,80.744,68.71643934202677,93.5572411055392,86.31139440911153,123,Clear,No
2022-09-17,Whitefield,Marathahalli Bridge,7250,56.57298259805513,1.0901681822979208,29.728554567571244,32.68255690089539,0,64.5,62.13506728629691,82.95329270348707,77.70000717462116,184,Clear,Yes
2022-09-19,Whitefield,Marathahalli Bridge,16156,36.53871503570661,1.1067443083225303,57.52599213527543,77.10690888456655,0,82.312,42.21158289950635,75.03593413053295,91.45824579975496,111,Overcast,No
2022-09-20,Whitefield,Marathahalli Bridge,23792,47.65363740793629,1.0919231362578965,86.68925535257824,100.0,1,97.584,11.328636056853256,78.06266855776659,82.82700637749517,88,Clear,No
2022-09-21,Whitefield,Marathahalli Bridge,15036,35.24428080140964,1.221766111500795,42.70961689289709,76.93963296183117,1,80.072,30.78310130576569,64.85569301943485,50.77675314919741,107,Clear,No
2022-09-22,Whitefield,Marathahalli Bridge,16112,34.527873696709484,1.038063716965608,48.83381165034493,80.07708717619994,0,82.22399999999999,41.23689531912831,73.70940502869567,93.02985886848028,101,Overcast,No
2022-09-25,Whitefield,Marathahalli Bridge,34653,39.812010801071565,1.5,100.0,100.0,2,119.306,70.21836566338413,78.30989594089054,50.81798697546922,104,Clear,No
2022-09-26,Whitefield,Marathahalli Bridge,16658,36.27475206522473,1.2676571710778803,58.81031305537941,83.71127048363344,1,83.316,77.02594412117143,68.88384831717414,56.07809843458717,120,Fog,No
2022-09-29,Whitefield,Marathahalli Bridge,8139,44.19110081402992,1.3211671571840886,23.98515627314588,45.240277196565934,0,66.27799999999999,15.057378383938527,88.12267509071259,76.86386789116509,183,Clear,No
2022-10-03,Whitefield,Marathahalli Bridge,36606,43.37606892609635,1.5,100.0,100.0,1,123.212,61.181750290029626,85.041457932822,79.24420169845735,104,Fog,No
2022-10-04,Whitefield,Marathahalli Bridge,15899,61.16471635387891,1.2188626212844316,43.738428231891135,80.71898392293348,0,81.798,36.83762510554105,76.50862800383368,72.43662987440453,91,Clear,No
2022-10-05,Whitefield,Marathahalli Bridge,27047,40.53480517866294,1.5,88.1339882798893,100.0,1,104.094,11.195272611701697,91.14333887405382,70.1705300169192,101,Clear,Yes
2022-10-06,Whitefield,Marathahalli Bridge,7883,43.696463657738256,1.0791491872182537,31.75528807095626,38.88357967037879,0,65.766,55.10339139988804,89.16435073651391,50.1754174776718,181,Clear,Yes
2022-10-07,Whitefield,Marathahalli Bridge,29414,48.96651803153351,1.5,92.276681962956,100.0,4,108.828,35.79700668816001,91.69338787263855,75.05893650032078,112,Rain,Yes
2022-10-08,Whitefield,Marathahalli Bridge,32330,40.970756919475534,1.5,100.0,100.0,2,114.66,74.34215257715981,67.03834952231283,87.27566311717587,94,Clear,No
2022-10-11,Whitefield,Marathahalli Bridge,24643,46.43941993127677,1.059740768059107,74.85402351402018,100.0,2,99.286,27.99341119798562,84.87918501853999,66.9136815350272,96,Clear,No
2022-10-13,Whitefield,Marathahalli Bridge,25246,25.001210594353275,1.5,93.30025030889416,100.0,3,100.492,63.17244416875608,94.2764658808118,83.14429721415499,87,Overcast,No
2022-10-15,Whitefield,Marathahalli Bridge,21356,38.84377134483832,1.0198563686465274,78.70430145526143,100.0,0,92.712,63.64828112676155,90.23302364307196,64.47018205076279,90,Clear,No
2022-10-17,Whitefield,Marathahalli Bridge,14759,40.36032504795467,1.1840208316515113,46.01907693480162,76.24337593870395,0,79.518,61.54325673140343,71.52586343927898,79.63643923237797,206,Clear,No
2022-10-18,Whitefield,Marathahalli Bridge,14247,41.99462988948024,1.3256018389269268,41.51424784616309,73.78389711646268,0,78.494,43.58201652016151,85.80777344422506,52.21388558164994,175,Clear,No
2022-10-20,Whitefield,Marathahalli Bridge,16654,45.68530099115973,1.0679053760430235,52.096352628309575,84.14102494214531,0,83.30799999999999,59.749676358110335,76.14638863545483,97.47861478176586,104,Fog,No
2022-10-21,Whitefield,Marathahalli Bridge,24725,52.06793505930607,1.185480157709148,74.59544189868329,100.0,3,99.45,54.32205275886713,96.86345568899532,74.82053744527417,118,Overcast,No
2022-10-23,Whitefield,Marathahalli Bridge,6953,53.55851357022361,1.129541821383032,17.10963174200203,32.85435399550522,1,63.906,17.640762029066074,83.4641469356626,81.67816777768985,220,Clear,No
2022-10-24,Whitefield,Marathahalli Bridge,29850,20.961136749779683,1.5,100.0,100.0,2,109.7,10.815633964526777,75.37645634595526,93.26649941793546,91,Clear,No
2022-10-29,Whitefield,Marathahalli Bridge,22483,51.89197459472948,1.301652590317968,72.80961333299322,100.0,0,94.966,62.06302868459875,67.4497631551375,52.55968171051627,100,Rain,No
2022-10-30,Whitefield,Marathahalli Bridge,33062,35.97145876479578,1.5,100.0,100.0,3,116.124,55.40178239472701,65.92702186080635,93.47280609427648,97,Overcast,Yes
2022-10-31,Whitefield,Marathahalli Bridge,20048,48.099509788444216,1.3039551528454152,75.38698956339536,100.0,4,90.096,73.13622069630445,92.05091188557869,93.62086431958896,103,Rain,No
2022-11-02,Whitefield,Marathahalli Bridge,25308,21.54952127868841,1.5,87.73699409210802,100.0,4,100.616,35.38676761112356,61.58888857963765,61.24226786794583,96,Clear,No
2022-11-03,Whitefield,Marathahalli Bridge,21609,37.012151443136325,1.3166809046453158,72.23964122229329,100.0,2,93.218,15.153439150539992,64.75640407500067,56.836553336057946,95,Clear,No
2022-11-07,Whitefield,Marathahalli Bridge,8569,47.69886027796389,1.3190068180413757,31.01265539458572,47.620704405516,0,67.138,46.75348256916673,60.49147055833529,97.2975681416856,203,Clear,No
2022-11-09,Whitefield,Marathahalli Bridge,6785,29.755004188133505,1.308850507610524,22.28752373279631,32.75456288817957,1,63.57,15.46942086509097,72.50801004830336,98.93040642996344,199,Clear,No
2022-11-11,Whitefield,Marathahalli Bridge,21876,33.50781850522088,1.196028020859281,68.82101608821662,100.0,0,93.752,30.05201434294176,66.7800398072499,88.27801312856562,97,Overcast,No
2022-11-13,Whitefield,Marathahalli Bridge,22553,45.288464693195294,1.2316469857953605,69.8167183426809,100.0,0,95.106,70.09593154423848,61.90292070545418,67.39983760118463,97,Fog,No
2022-11-15,Whitefield,Marathahalli Bridge,29255,27.62887916658905,1.5,90.1820741775679,100.0,1,108.51,11.770996459047408,81.30637951102923,82.57655959613435,111,Rain,No
2022-11-19,Whitefield,Marathahalli Bridge,15759,37.51331376515575,1.2401411524230328,58.47206646223532,74.31060986177644,0,81.518,78.38002119434597,64.82882141650471,70.01496973929464,93,Overcast,No
2022-11-20,Whitefield,Marathahalli Bridge,17659,46.31719918999575,1.2568675230179207,60.17780736490647,88.09644880047439,0,85.318,15.89786898977046,77.69343672067372,78.06549567744287,100,Clear,No
2022-11-22,Whitefield,Marathahalli Bridge,17078,47.29004552290648,1.2332461902863867,47.12733564523326,83.02892561798764,2,84.156,73.58919441471295,98.58116092155682,66.22859478801699,106,Clear,No
2022-11-24,Whitefield,Marathahalli Bridge,24387,58.0874181439611,1.184741333277073,82.72864162383472,100.0,1,98.774,52.69865351130354,75.16537445927978,94.14765016263848,91,Windy,No
2022-11-26,Whitefield,Marathahalli Bridge,21374,59.52684492718362,1.1271738380617111,66.01944165777228,100.0,0,92.748,33.115205473109725,96.2088698816087,57.51089737857303,93,Clear,No
2022-11-27,Whitefield,Marathahalli Bridge,14170,54.50858966996647,1.2439661484821272,54.16612707502623,74.22034444733883,0,78.34,55.831635007692434,84.09116527261546,64.09922554214951,195,Clear,No
2022-11-28,Whitefield,Marathahalli Bridge,32978,20.0,1.5,100.0,100.0,3,115.956,39.78033198203333,63.9179107037004,94.2925090338833,96,Clear,No
2022-12-02,Whitefield,Marathahalli Bridge,15316,34.948708599837225,1.0058594160774552,51.23959903080642,80.05210207118245,0,80.632,16.624810956494986,98.95045293415828,56.44888044405129,101,Clear,No
2022-12-03,Whitefield,Marathahalli Bridge,12004,36.82478199089145,1.196015532787573,34.744937072657656,61.70350429964355,0,74.008,52.14709480448875,74.31077245985863,62.57380659632575,218,Clear,No
2022-12-06,Whitefield,Marathahalli Bridge,8209,46.96473990242252,1.1934341259502417,17.779239200192507,37.06698149257392,2,66.418,65.85455512254926,76.71879523850798,99.2606126073244,215,Fog,No
2022-12-10,Whitefield,Marathahalli Bridge,38180,47.01160509852474,1.5,100.0,100.0,3,126.36,63.12391504250229,83.00604834154998,92.2689515982803,111,Clear,No
2022-12-11,Whitefield,Marathahalli Bridge,16249,43.56680551208015,1.3002885361308336,53.01700306591022,77.20409283842928,0,82.49799999999999,30.61189856213613,91.11676881710044,54.83196672217086,99,Windy,Yes
2022-12-12,Whitefield,Marathahalli Bridge,17926,50.898776160510295,1.1116602788288663,65.9403535000097,87.3452107873285,1,85.852,39.94760641380419,80.81975780662225,86.26417886745696,104,Clear,No
2022-12-16,Whitefield,Marathahalli Bridge,22933,53.967958803511785,1.3349871497039456,74.95238506289628,100.0,1,95.866,29.51119212240736,68.60894102032302,71.057286014881,95,Fog,No
2022-12-17,Whitefield,Marathahalli Bridge,18949,30.422441849187543,1.1318070692288071,67.40081374130115,91.39629546881666,0,87.898,37.857632439555786,80.32963914794081,78.48165305354422,109,Clear,Yes
2022-12-21,Whitefield,Marathahalli Bridge,20880,57.732738265199984,1.315292255116276,67.95720352013856,100.0,0,91.76,26.302681084617696,89.10220941683554,98.85211182598404,106,Clear,No
2022-12-22,Whitefield,Marathahalli Bridge,25473,48.58904534462064,1.5,75.41283407555886,100.0,1,100.946,10.888912974321476,94.92423230462396,97.0419574325104,82,Clear,No
2022-12-24,Whitefield,Marathahalli Bridge,19544,25.833089919326536,1.1603273396536848,56.49518323532013,93.94330496175452,0,89.088,13.773550139942255,63.42442412833583,84.83085958926674,86,Rain,No
2022-12-25,Whitefield,Marathahalli Bridge,14352,53.96862218191569,1.3202896387744831,39.66033972419591,72.71169911331793,1,78.70400000000001,54.44214111481072,80.46467006984898,66.59705673147519,179,Clear,No
2022-12-28,Whitefield,Marathahalli Bridge,10180,32.81295380988478,1.015211673178123,27.10112925366928,52.93335462725435,1,70.36,75.21663296306821,70.19055220136286,94.36153232385968,225,Clear,No
2022-12-29,Whitefield,Marathahalli Bridge,16170,43.05463404387789,1.2477295009623728,62.8084449563904,79.86757124418057,0,82.34,14.741458527379846,66.09002565480394,84.58036942252292,92,Fog,No
2022-12-31,Whitefield,Marathahalli Bridge,15329,33.73177966056866,1.0346060528997945,47.5173554864489,75.37979380947857,0,80.658,17.09506833944917,80.8666897024622,93.25405848777352,95,Clear,No
2023-01-04,Whitefield,Marathahalli Bridge,22341,60.42758056101036,1.2892088186834687,68.49935625940422,100.0,1,94.682,56.642445503056926,75.22960978985932,87.53977672243104,105,Clear,No
2023-01-05,Whitefield,Marathahalli Bridge,18409,43.73573400992209,1.1834252350802923,58.08297263439746,94.4573150060636,2,86.818,77.72305337466754,71.63745245296793,93.24120801635928,96,Overcast,No
2023-01-06,Whitefield,Marathahalli Bridge,26781,38.12358492548875,1.5,96.1664010857745,100.0,3,103.562,75.71778410480275,82.39252585302964,53.87803049965914,81,Overcast,No
2023-01-07,Whitefield,Marathahalli Bridge,7382,50.825425982216245,1.065756760444676,18.777419297610194,34.171310127398286,1,64.764,19.05356368781212,88.976767444096,67.45285515212245,198,Fog,No
2023-01-10,Whitefield,Marathahalli Bridge,25703,39.62106234289024,1.5,95.02008151049668,100.0,4,101.406,61.66175784959139,94.39264681472125,54.795548170270514,102,Clear,No
2023-01-11,Whitefield,Marathahalli Bridge,9585,37.6514023830385,1.1146152322849554,22.02461829556226,48.495674354390914,1,69.17,30.789993092527656,79.62551197922014,55.06198323941818,206,Fog,No
2023-01-13,Whitefield,Marathahalli Bridge,15311,52.334722675905695,1.139905085746498,46.36021191832975,81.23074359542557,0,80.622,52.738227994526135,89.41949048252411,66.68570343946865,130,Clear,No
2023-01-14,Whitefield,Marathahalli Bridge,15407,58.23565770420703,1.0009485587817564,42.089535879854594,76.98535144938178,1,80.814,51.967205761631575,99.13252504974017,74.68890161464154,103,Clear,No
2023-01-15,Whitefield,Marathahalli Bridge,17473,49.97563860869096,1.138740926369474,55.38672336182915,90.09588460403442,1,84.946,62.46962444586144,94.54820026366508,61.751914247878325,105,Overcast,No
2023-01-16,Whitefield,Marathahalli Bridge,17718,47.444226107915945,1.0726355265697265,49.49610012502387,92.42841731187733,1,85.436,14.188645726975112,95.61821090888355,70.95780174009265,115,Overcast,No
2023-01-19,Whitefield,Marathahalli Bridge,7189,57.195441913761535,1.17151584303262,25.20438161232053,32.047511658709915,0,64.378,77.26163145870795,73.5558602566188,62.77624230515296,167,Clear,No
2023-01-23,Whitefield,Marathahalli Bridge,12518,56.85501636168577,1.178671992253102,49.02321401886044,60.788435055058585,0,75.036,63.62562875472089,68.02090443652925,82.96312761683063,197,Fog,No
2023-01-24,Whitefield,Marathahalli Bridge,13543,45.344824653239314,1.0083125531397794,41.6850521307473,70.95815769088452,0,77.086,17.660375323622944,92.27419426946872,65.29258514750121,228,Fog,No
2023-01-26,Whitefield,Marathahalli Bridge,25403,29.30727309068376,1.5,92.86726604538774,100.0,1,100.806,27.269314318970984,78.47480265821713,69.32035620647545,103,Clear,No
2023-01-29,Whitefield,Marathahalli Bridge,14125,49.37152466128215,1.2794864829627002,51.28190856268513,68.3324635496134,0,78.25,75.48154651998864,89.96703151259854,89.39053277831113,201,Clear,No
2023-01-30,Whitefield,Marathahalli Bridge,32122,30.222774468441685,1.5,100.0,100.0,1,114.244,51.65026388680803,72.66944297566928,97.9865018957963,103,Overcast,No
2023-01-31,Whitefield,Marathahalli Bridge,33992,31.31913604314136,1.5,100.0,100.0,2,117.984,17.523074116817707,65.48236069037385,68.92648363182505,95,Clear,No
2023-02-04,Whitefield,Marathahalli Bridge,35745,34.45661426139416,1.5,100.0,100.0,0,121.49,66.00744805249147,74.27294849827602,59.4622536885395,110,Clear,No
2023-02-08,Whitefield,Marathahalli Bridge,23625,37.67412129131272,1.104655543145218,85.08400774693531,100.0,4,97.25,12.178236831377292,95.228984341581,84.23868256015157,113,Clear,No
2023-02-09,Whitefield,Marathahalli Bridge,15026,57.51033916618299,1.277403060180219,50.860535354373496,74.07668380423455,0,80.05199999999999,33.34142913402566,93.6069568341523,90.5698968479276,108,Rain,No
2023-02-10,Whitefield,Marathahalli Bridge,28797,45.90319726840725,1.5,92.70115351093855,100.0,1,107.594,13.99676245972176,91.35414579953463,94.41129328064048,91,Clear,No
2023-02-12,Whitefield,Marathahalli Bridge,9054,61.45369378270871,1.363987723835326,22.52953234727197,45.4964562090503,0,68.108,41.89962788005244,91.97478723930335,92.86940181387736,216,Rain,No
2023-02-13,Whitefield,Marathahalli Bridge,13705,52.20636971405568,1.2712042818751168,46.64936028925394,72.53963849825999,1,77.41,52.71130834343746,86.12506997408636,93.10272486674644,206,Clear,No
2023-02-15,Whitefield,Marathahalli Bridge,13435,31.319001645910024,1.1723339812308424,35.20343035171062,70.64257356662868,1,76.87,64.32022355135945,62.89090438822656,90.39067991423023,205,Rain,No
2023-02-16,Whitefield,Marathahalli Bridge,40342,21.365327924210924,1.5,100.0,100.0,2,130.684,53.78698036549833,95.94554202215528,67.42679562119486,108,Rain,No
2023-02-18,Whitefield,Marathahalli Bridge,23198,41.28338618894345,1.2745700821803103,83.89841774695853,100.0,4,96.396,43.57547410907969,67.5957066541089,73.261427380731,100,Clear,No
2023-02-21,Whitefield,Marathahalli Bridge,22039,32.00261790123515,1.2334593306171229,76.03316738110244,100.0,3,94.078,23.190095661283344,62.80563278270442,83.57684861928522,93,Clear,No
2023-02-22,Whitefield,Marathahalli Bridge,15994,51.756187421260776,1.2495418532330391,53.96564527747856,78.94360704732306,1,81.988,35.5098467283702,83.62085794821444,54.13790724654991,101,Clear,No
2023-02-24,Whitefield,Marathahalli Bridge,17587,56.0487314570044,1.0857888892928365,62.77771029997372,86.48811757464739,1,85.174,25.248853344931632,98.42345161379828,75.851007387983,98,Overcast,No
2023-02-25,Whitefield,Marathahalli Bridge,13570,44.77239259275985,1.30321184481145,46.85609183519596,64.96340726336958,1,77.14,12.382752422777248,67.86067554863683,94.55467435963016,195,Clear,No
2023-02-26,Whitefield,Marathahalli Bridge,36952,35.97116264807575,1.5,100.0,100.0,2,123.904,58.2170877156104,84.41630035891808,84.94827367053823,103,Clear,No
2023-02-28,Whitefield,Marathahalli Bridge,8521,57.90993110083129,1.2139285403089226,27.360384372467355,44.62341287514086,1,67.042,26.395949152197414,93.65053824108328,58.23111513003926,201,Rain,No
2023-03-03,Whitefield,Marathahalli Bridge,24455,47.32433842389284,1.2569813681648858,83.59499257643927,100.0,1,98.91,43.41255892748156,85.02583292542577,68.70076144567213,90,Clear,No
2023-03-05,Whitefield,Marathahalli Bridge,34770,42.207369412686816,1.5,100.0,100.0,2,119.54,30.625128558931323,81.21813368627247,56.22153102048092,107,Clear,No
2023-03-07,Whitefield,Marathahalli Bridge,26091,33.39474839453546,1.5,94.98606411463624,100.0,0,102.182,37.10612085333399,97.17590606228616,92.2102584883242,77,Fog,No
2023-03-08,Whitefield,Marathahalli Bridge,20947,24.952848685632432,1.3287329326672832,60.09820164063044,100.0,1,91.894,18.09015318040858,99.99145754826678,91.29794673494948,106,Overcast,No
2023-03-13,Whitefield,Marathahalli Bridge,14203,29.168028459452927,1.1942803473286785,52.24191529628762,73.99870474085581,1,78.406,31.07463249328315,72.51842860859509,72.26293966548333,214,Fog,No
2023-03-18,Whitefield,Marathahalli Bridge,17894,46.882772668762016,1.1696397103669176,67.0902000339697,89.64927835710789,1,85.788,53.22299080966159,63.703479907112886,96.56941034223588,98,Rain,No
2023-03-19,Whitefield,Marathahalli Bridge,17269,32.724483809519,1.201535082529682,55.63345376968637,84.78515502427805,0,84.538,44.989192194556686,92.84205660966354,55.23661657472908,107,Clear,No
2023-03-20,Whitefield,Marathahalli Bridge,17326,49.73654601182271,1.2891002061478118,47.89184042765041,82.79976800005466,2,84.652,25.827231921973677,64.3023344238016,93.8508141778197,85,Clear,No
2023-03-21,Whitefield,Marathahalli Bridge,23406,32.7373141214877,1.255475356329782,85.39826394044897,100.0,1,96.812,45.05579493433828,72.52378375022307,62.52260325185426,96,Clear,No
2023-03-22,Whitefield,Marathahalli Bridge,24646,46.14015686446344,1.1506489233583577,87.24003586670025,100.0,1,99.292,63.83355506933319,77.8208560912731,69.93258822132792,101,Clear,No
2023-03-25,Whitefield,Marathahalli Bridge,9208,52.59627177553818,1.3247689572459045,26.85623453487953,43.85910475104938,0,68.416,13.35540423792889,64.47241173856716,90.1543993961469,200,Clear,No
2023-03-28,Whitefield,Marathahalli Bridge,23911,60.04469357221339,1.2213301181075744,88.0596633706245,100.0,2,97.822,72.1517856224029,97.06054264644304,89.92273234657611,108,Clear,No
2023-03-31,Whitefield,Marathahalli Bridge,14034,40.629010528678094,1.2117652757231137,47.176931414492586,71.0776954974297,0,78.068,74.04460982328938,89.68224492628232,56.54820500563252,175,Clear,No
2023-04-05,Whitefield,Marathahalli Bridge,9146,52.05989115737499,1.1797227954465912,28.364856060423307,46.6977185712199,0,68.292,44.31194837829148,92.74820512950048,58.67502300158928,208,Overcast,No
2023-04-13,Whitefield,Marathahalli Bridge,23805,56.27277955017133,1.1015159218310928,77.92195409620513,100.0,2,97.61,74.01637610441661,65.77748020817663,64.86926290387936,90,Clear,No
2023-04-14,Whitefield,Marathahalli Bridge,24328,51.784901527124056,1.3283970209165488,89.54843571278356,100.0,4,98.656,48.80621542973937,85.50972047808573,75.25988948877776,91,Clear,No
2023-04-15,Whitefield,Marathahalli Bridge,20696,72.17826377269168,1.2887361792676295,63.75977269854877,100.0,0,91.392,22.767734012812127,79.14485832056963,56.59332871211366,94,Clear,No
2023-04-18,Whitefield,Marathahalli Bridge,18041,35.55797984497213,1.169626681951598,61.87762065366717,90.2159861189689,1,86.082,41.41528826979082,65.40133327191994,70.39381777244274,122,Clear,No
2023-04-21,Whitefield,Marathahalli Bridge,17848,54.95549677483286,1.0149580201098314,50.90721443030857,85.44139632326795,0,85.696,13.853017593707374,83.53639791698164,67.12309918547707,105,Fog,Yes
2023-04-24,Whitefield,Marathahalli Bridge,25390,20.0,1.5,91.09660937154258,100.0,6,100.78,59.36356447348061,61.50031464675861,98.3456224740426,93,Clear,No
2023-04-25,Whitefield,Marathahalli Bridge,16932,46.79325947811414,1.339672096883314,65.6963606118546,87.47514651017217,1,83.864,18.619967549887527,70.03208548122782,63.55875232035186,98,Rain,No
2023-05-01,Whitefield,Marathahalli Bridge,25186,30.23911493218269,1.5,77.00676104071238,100.0,4,100.372,62.092270711416816,71.23193353101465,56.64281994308932,105,Overcast,Yes
2023-05-02,Whitefield,Marathahalli Bridge,15182,39.72174024815756,1.348280616449554,46.51140031391845,73.64868056704701,0,80.364,11.12736271555875,66.41515372763335,86.1485628851317,112,Clear,No
2023-05-04,Whitefield,Marathahalli Bridge,16337,39.474404253589896,1.3116801804498155,61.61191999522276,83.92807831452016,3,82.674,25.69400022761876,64.25421729897313,99.69624990532094,94,Clear,No
2023-05-05,Whitefield,Marathahalli Bridge,13275,48.85287800163036,1.2169850980284995,48.544363461092686,62.03280394419608,1,76.55,16.82103691106588,88.25381240703315,65.54448626489834,185,Clear,No
2023-05-09,Whitefield,Marathahalli Bridge,27515,46.13476259194063,1.5,92.39776969490936,100.0,3,105.03,19.787544379343277,93.0559730431365,53.03301519551702,87,Overcast,No
2023-05-11,Whitefield,Marathahalli Bridge,30117,52.501817650432514,1.5,100.0,100.0,2,110.234,57.77009658587322,78.9602957601327,73.98086155892125,107,Clear,No
2023-05-13,Whitefield,Marathahalli Bridge,9083,42.84395423918459,1.314679764623799,25.44176561537865,46.6450864836697,0,68.166,26.38248681637281,63.26933977054787,77.15803474889381,196,Fog,No
2023-05-14,Whitefield,Marathahalli Bridge,23326,20.0,1.2242427947287031,87.55307155647472,100.0,0,96.652,64.85324518925472,80.1190233690985,61.53328426551116,112,Clear,Yes
2023-05-17,Whitefield,Marathahalli Bridge,17825,55.537163905488256,1.375057828064929,63.99100140158716,84.53899620441454,0,85.65,34.35234300717872,82.82905285797843,71.41612755072305,93,Clear,No
2023-05-18,Whitefield,Marathahalli Bridge,17022,47.66317159685698,1.2025834713632506,46.76242126907227,80.454318454434,0,84.044,64.65036672333022,68.06631132082056,55.07981699948724,112,Clear,No
2023-05-19,Whitefield,Marathahalli Bridge,23264,39.83086991197134,1.247826760053243,87.46059490724745,100.0,4,96.528,25.646652835764563,98.0372124653664,79.91009156414746,105,Clear,No
2023-05-20,Whitefield,Marathahalli Bridge,29790,39.05352889498805,1.5,99.26743933221248,100.0,2,109.58,71.02638449235059,66.58321538943174,74.87008926908693,103,Clear,No
2023-05-21,Whitefield,Marathahalli Bridge,22809,31.60901454428433,1.069329987032484,79.36804899009778,100.0,3,95.618,79.91396312611666,62.32300260095118,90.51746857327626,89,Clear,No
2023-05-22,Whitefield,Marathahalli Bridge,19055,54.66485581190591,1.0359847767360342,60.390231548357306,92.30166739645666,0,88.11,21.808835244300077,83.22965757885072,73.36482496418364,97,Clear,No
2023-05-23,Whitefield,Marathahalli Bridge,15612,48.171752477133445,1.0264131923260895,53.50526790896549,77.12250330449278,0,81.224,55.61530414135604,66.41403739602958,67.57407123302131,109,Rain,No
2023-05-25,Whitefield,Marathahalli Bridge,38680,35.42926610110169,1.5,100.0,100.0,2,127.36,37.07810720451491,73.38803540265562,90.6538486566232,100,Clear,No
2023-05-26,Whitefield,Marathahalli Bridge,6900,53.33924901891565,1.1219370775798796,13.940674412047583,29.57944515883016,1,63.8,36.76229414725291,62.79593166980864,88.79040467611023,225,Clear,No
2023-05-29,Whitefield,Marathahalli Bridge,15855,67.26906324249441,1.3896641676643309,56.81659631851311,81.86491877475385,0,81.71000000000001,59.89400148700048,82.29578006211685,70.19164042392252,84,Overcast,No
2023-05-30,Whitefield,Marathahalli Bridge,21280,45.7573673674948,1.296973726265822,61.406070992086114,100.0,0,92.56,23.346392302514587,61.21093555919627,96.02356393942864,89,Clear,No
2023-05-31,Whitefield,Marathahalli Bridge,17274,28.045132443298986,1.3580120742810051,59.95853717053908,87.57279987030589,1,84.548,73.66151860093214,66.48448826152212,99.23164306199844,95,Clear,No
2023-06-02,Whitefield,Marathahalli Bridge,35745,20.724067717501704,1.5,100.0,100.0,4,121.49,46.95074627778747,95.22033304581404,55.38405345005841,112,Overcast,No
2023-06-03,Whitefield,Marathahalli Bridge,14165,48.696843064654026,1.3124382667730652,41.37312675383016,66.41101995893015,1,78.33,45.19217838629488,64.03968667285528,73.97308315319049,188,Fog,No
2023-06-04,Whitefield,Marathahalli Bridge,17310,41.43717092348217,1.039314369687896,59.3817204961767,83.41302520321021,1,84.62,37.14905297367967,63.92436183195352,88.37043833443215,82,Clear,No
2023-06-05,Whitefield,Marathahalli Bridge,28799,46.21880522988221,1.5,98.32644960499069,100.0,1,107.598,73.99172862444676,88.88598502260874,85.58635858031438,95,Fog,No
2023-06-07,Whitefield,Marathahalli Bridge,16358,45.324105042262985,1.3051092348408264,49.45147705724696,83.8689231655547,0,82.71600000000001,79.03103470831219,84.5774123127303,55.9835081689143,100,Overcast,No
2023-06-10,Whitefield,Marathahalli Bridge,25458,36.21754567249354,1.5,83.92668658063397,100.0,1,100.916,64.78953044520995,64.96977222671597,58.74521732957042,103,Clear,Yes
2023-06-12,Whitefield,Marathahalli Bridge,22610,52.06462725181342,1.2389904236618483,82.65096663695127,100.0,3,95.22,54.10110101781182,62.56711924233202,83.0009243500401,109,Overcast,No
2023-06-13,Whitefield,Marathahalli Bridge,9204,61.56934174031022,1.2937178846674784,33.04443115416064,45.43986840341072,0,68.408,25.408603152801064,63.3489018462821,93.04255396509949,208,Clear,No
2023-06-14,Whitefield,Marathahalli Bridge,19243,56.20776936455129,1.0786670103996605,66.62377134123534,92.5237353226648,0,88.48599999999999,36.8356743116292,82.69480559516484,86.4144391503499,106,Rain,No
2023-06-15,Whitefield,Marathahalli Bridge,6430,55.66135298585604,1.3550317086358166,28.063703587593118,35.83152636702091,1,62.86,14.452820722953888,62.58518245067542,90.08898000283648,206,Clear,No
2023-06-16,Whitefield,Marathahalli Bridge,14442,50.08487085829936,1.2572652694570254,51.46259878349058,67.85514928419823,0,78.884,42.65437012058602,93.41669730709732,86.61716327226299,219,Clear,No
2023-06-17,Whitefield,Marathahalli Bridge,7162,43.662147511179526,1.1559929671791325,29.083924052490687,37.42494077896006,2,64.324,33.87932416042766,85.91021189158818,65.5086344764681,218,Clear,Yes
2023-06-18,Whitefield,Marathahalli Bridge,15808,44.00710400905212,1.347809650887287,55.08947785718834,78.24727696489286,1,81.616,74.95021852300651,90.35427557507322,51.02896961745807,99,Clear,No
2023-06-19,Whitefield,Marathahalli Bridge,23232,69.08640031158652,1.288280197866593,72.67392182152918,100.0,1,96.464,47.95924673087328,70.81637624261388,63.437008717404375,82,Overcast,No
2023-06-20,Whitefield,Marathahalli Bridge,24893,38.729105638744805,1.2436585337776582,79.350782565291,100.0,0,99.786,76.64359442172591,62.678868051764894,66.4419602975307,114,Clear,No
2023-06-21,Whitefield,Marathahalli Bridge,15021,47.71827565916023,1.2047867697962455,50.79016840420715,79.65886473541991,1,80.042,69.09277321299408,91.62310800172726,51.394822055305056,117,Rain,No
2023-06-23,Whitefield,Marathahalli Bridge,24136,51.04297959934178,1.1588236783135208,84.61717222785742,100.0,1,98.272,57.60724809991979,84.15651104439962,87.97182214899593,98,Clear,No
2023-06-25,Whitefield,Marathahalli Bridge,30648,43.894908477593695,1.5,94.17047790108522,100.0,2,111.296,52.01474775981269,77.22204110366556,57.83751765978556,110,Windy,Yes
2023-07-01,Whitefield,Marathahalli Bridge,23045,40.0715475367125,1.1989092079674533,73.7666237772081,100.0,4,96.09,24.88097047452766,95.39511960970172,69.49678629393097,106,Clear,No
2023-07-02,Whitefield,Marathahalli Bridge,33619,28.78730200372905,1.5,100.0,100.0,2,117.238,10.15483702792267,78.1104856216495,50.07484075750873,119,Rain,Yes
2023-07-04,Whitefield,Marathahalli Bridge,9307,43.95456277451344,1.0209861571561851,21.747230399948517,49.75251275517122,1,68.614,56.02333345981389,62.57087971479337,88.2805254325111,192,Rain,No
2023-07-05,Whitefield,Marathahalli Bridge,17336,44.167463596645554,1.257796780901148,54.892236822497125,86.25959221137089,1,84.672,13.350679939162692,76.67463111386604,69.40149109875208,115,Clear,No
2023-07-08,Whitefield,Marathahalli Bridge,22429,34.09580475493754,1.2751286440317258,65.73546427705003,100.0,0,94.858,43.88462077705172,85.69907172474053,56.94686379414685,97,Clear,No
2023-07-09,Whitefield,Marathahalli Bridge,13526,40.30281765796682,1.0151534431101297,39.59402162729836,69.91754538713938,1,77.05199999999999,75.55425812260815,66.36144415460612,54.46706137520314,184,Rain,No
2023-07-11,Whitefield,Marathahalli Bridge,16469,49.06151796825761,1.3582225736128328,59.156371442854784,78.58000320463364,1,82.938,51.69669988109085,80.90751299806871,53.62031012874895,99,Clear,No
2023-07-12,Whitefield,Marathahalli Bridge,23154,53.548956237246784,1.1292875418838118,80.89170808898061,100.0,2,96.308,74.61028146955238,72.68860111681433,89.78184965377636,96,Clear,Yes
2023-07-14,Whitefield,Marathahalli Bridge,17203,58.465928694668136,1.089398113560471,58.73174236653902,84.10362812921744,0,84.406,32.257759938813535,79.85116799097582,92.10818350498748,91,Clear,No
2023-07-15,Whitefield,Marathahalli Bridge,30080,23.493329861513555,1.5,90.93583603632284,100.0,2,110.16,16.92997298794738,91.6109755369216,77.47360587479005,90,Windy,No
2023-07-16,Whitefield,Marathahalli Bridge,22663,39.39993384717464,1.2233754899981863,70.29517164330328,100.0,0,95.326,15.134025522242547,88.45718080547118,50.71655382750896,115,Clear,No
2023-07-22,Whitefield,Marathahalli Bridge,22164,31.168295420198305,1.0057591372619552,74.30216326453808,100.0,4,94.328,50.060390251538834,69.8029807221528,66.51009410504983,96,Clear,No
2023-07-27,Whitefield,Marathahalli Bridge,21445,20.0,1.3270091026517363,73.97218423184094,100.0,1,92.89,21.966354604530604,71.04171551885712,92.01110166159586,103,Fog,No
2023-07-29,Whitefield,Marathahalli Bridge,21688,40.34602200454739,1.0692439166078145,79.18480371121736,100.0,2,93.376,51.59621707773864,91.63004266140496,56.24588436413633,86,Overcast,No
2023-07-30,Whitefield,Marathahalli Bridge,11347,46.77617736045108,1.304625061203643,29.72587315137057,56.88212628842743,2,72.694,19.35440002243405,66.24202476091735,73.86688185304537,215,Clear,Yes
2023-07-31,Whitefield,Marathahalli Bridge,19731,43.76640000897582,1.296751257619123,67.6667283046882,100.0,0,89.462,57.13683103868877,62.585932146232736,56.91248664297578,120,Fog,No
2023-08-01,Whitefield,Marathahalli Bridge,41056,45.6429263953606,1.5,100.0,100.0,2,132.112,27.891759736237805,90.87808273611483,86.86870509065172,110,Clear,No
2023-08-03,Whitefield,Marathahalli Bridge,6181,39.67668705198856,1.114459363546792,25.09946561396961,27.385324880001843,1,62.362,74.3921401083517,83.44349870460209,96.54907744719183,218,Clear,No
2023-08-07,Whitefield,Marathahalli Bridge,28215,33.90467995213076,1.5,94.13721113064037,100.0,1,106.43,21.47927068711205,91.114869760924,80.9586394328879,86,Clear,No
2023-08-08,Whitefield,Marathahalli Bridge,27234,20.0,1.5,97.06121313865933,100.0,2,104.468,20.49627640212754,75.62067127836261,64.19471679880962,104,Clear,No
2023-08-10,Whitefield,Marathahalli Bridge,33015,23.543595434845887,1.5,100.0,100.0,2,116.03,66.47209281297197,84.56999744859336,90.82977750497882,120,Fog,No
2023-08-13,Whitefield,Marathahalli Bridge,7324,45.73413727280658,1.3984761263831509,24.448272592210287,40.6311986466703,0,64.648,19.51155349670816,93.62531744479456,61.88653390996521,164,Clear,No
2023-08-14,Whitefield,Marathahalli Bridge,13317,43.47144348229622,1.0264964067320432,34.58961284977522,65.36963981430814,1,76.634,55.1930306940157,92.71582984395444,77.6475701911925,202,Clear,No
2023-08-16,Whitefield,Marathahalli Bridge,25855,44.74607171611133,1.5,90.95444677676618,100.0,0,101.71,71.6020158119195,87.92585224484222,89.49448134411605,127,Overcast,No
2023-08-19,Whitefield,Marathahalli Bridge,16313,41.53019818941833,1.0503731591425374,60.822425057804224,80.20425686372351,0,82.626,38.68451312817099,65.98466711352525,92.45056132116768,89,Clear,Yes
2023-08-20,Whitefield,Marathahalli Bridge,15783,38.04340082450871,1.0295317551249057,42.88104348727615,74.0699095078739,0,81.566,15.165564437882836,67.71589743318742,82.41277028513001,94,Clear,No
2023-08-21,Whitefield,Marathahalli Bridge,21905,58.48598834963968,1.3632500403976409,68.57842949856895,100.0,0,93.81,20.383522367929334,98.99346229527558,79.40880479956432,111,Clear,No
2023-08-23,Whitefield,Marathahalli Bridge,28420,29.396044305557798,1.5,98.1960018894364,100.0,0,106.84,66.10432463015252,72.98270326463296,99.62489045628824,94,Clear,No
2023-08-25,Whitefield,Marathahalli Bridge,30900,25.87301621029149,1.5,93.11618256204984,100.0,3,111.8,56.56907309779355,78.88773184513575,87.39514157712452,103,Fog,No
2023-08-26,Whitefield,Marathahalli Bridge,20966,66.48443668661855,1.091688471087341,62.72630431769255,100.0,1,91.932,61.54473560177751,98.49904566688596,89.59983194586968,88,Clear,No
2023-08-28,Whitefield,Marathahalli Bridge,17133,56.61162351270048,1.1031616425443107,54.96170544644876,83.64119961250694,3,84.26599999999999,56.27154711450665,70.70411399015602,87.40990451520793,114,Overcast,No
2023-08-29,Whitefield,Marathahalli Bridge,27802,30.47065956710816,1.5,99.14936058118316,100.0,1,105.604,79.83945306194833,86.15808365826406,61.20966206461007,115,Clear,No
2023-09-02,Whitefield,Marathahalli Bridge,18708,44.27982445317741,1.1068476609660611,60.16504263397197,89.95078223017543,0,87.416,73.14492013890239,87.23173994319575,83.69620088228427,92,Overcast,No
2023-09-05,Whitefield,Marathahalli Bridge,15088,57.42796597246016,1.0373052138256988,53.06033826209023,78.94300652943537,0,80.176,48.01037663061663,68.31050948334784,66.88797690094049,97,Clear,No
2023-09-06,Whitefield,Marathahalli Bridge,18807,53.9200056270447,1.117892374564613,58.31727980493389,91.18472493073668,1,87.614,27.248142227917864,84.97624972121048,73.37876956627673,86,Clear,No
2023-09-11,Whitefield,Marathahalli Bridge,23308,47.101267355221,1.2683480581351765,75.89703634175083,100.0,4,96.616,59.54192796820946,81.09544143241365,72.01837848626008,94,Clear,No
2023-09-12,Whitefield,Marathahalli Bridge,22159,48.12904996484926,1.0841475533258658,69.62839249581278,100.0,0,94.318,79.57767559546426,75.8233704016751,82.4144989864613,97,Windy,No
2023-09-13,Whitefield,Marathahalli Bridge,16639,48.39809386598533,1.2609509679180844,49.02173663463992,87.39906562128647,1,83.27799999999999,65.25498152768108,88.34114598089897,73.71901819212673,88,Overcast,No
2023-09-14,Whitefield,Marathahalli Bridge,19999,43.156906065227794,1.0355699692906006,76.21929726932582,100.0,3,89.99799999999999,73.752933122483,94.18671470908028,79.3582538132843,105,Overcast,Yes
2023-09-15,Whitefield,Marathahalli Bridge,24031,49.2690689165046,1.1367128250942775,73.35280387770308,100.0,0,98.062,14.898037916944023,62.55128181298082,73.32198626100326,119,Clear,No
2023-09-17,Whitefield,Marathahalli Bridge,26027,35.41148069400878,1.5,92.26416058108772,100.0,1,102.054,68.66551249137707,92.21640349773648,78.42764128651714,96,Rain,No
2023-09-18,Whitefield,Marathahalli Bridge,26820,35.499459167146085,1.5,82.68977311537067,100.0,2,103.64,72.91201833067777,97.22189996439772,55.59897762188169,91,Overcast,No
2023-09-23,Whitefield,Marathahalli Bridge,22870,42.79682641497628,1.2791860357291935,77.67876921370966,100.0,1,95.74,29.562871096749912,99.28593634902732,98.12867785598276,112,Overcast,No
2023-09-27,Whitefield,Marathahalli Bridge,32427,36.030161932804624,1.5,100.0,100.0,2,114.854,40.1123524485085,73.72963146398226,62.400846943723806,100,Fog,No
2023-09-29,Whitefield,Marathahalli Bridge,15283,50.838252730380326,1.1542837724832604,42.97896218164863,71.88137757149403,1,80.566,49.10034804465143,77.20910869861186,54.71738699505634,98,Overcast,No
2023-09-30,Whitefield,Marathahalli Bridge,7355,53.992195574766725,1.0574766594853875,16.823334743579455,32.846383313745015,0,64.71000000000001,46.11581877584546,90.5427934525402,94.635606464812,208,Overcast,Yes
2023-10-02,Whitefield,Marathahalli Bridge,26223,20.0,1.5,92.69405927586574,100.0,1,102.446,16.228455423055543,93.50654578683093,73.79735538964965,104,Clear,No
2023-10-03,Whitefield,Marathahalli Bridge,15688,64.14044664658051,1.0975198032970543,47.969608315115536,80.08211217633772,0,81.376,12.19376665640194,98.64355507101992,83.28620486448666,109,Fog,Yes
2023-10-04,Whitefield,Marathahalli Bridge,22670,41.29015846772234,1.141039963792822,71.88891380327564,100.0,2,95.34,21.95073560314244,72.96647565504286,54.03996492426035,111,Clear,No
2023-10-06,Whitefield,Marathahalli Bridge,22872,58.03201581016616,1.0115377259817036,84.91255055491939,100.0,5,95.744,46.971158072519145,91.24375189750552,63.54424623292536,103,Clear,No
2023-10-07,Whitefield,Marathahalli Bridge,29261,63.9331469135966,1.5,100.0,100.0,5,108.522,45.46494721146982,60.24781276242365,83.14520883637233,117,Clear,No
2023-10-09,Whitefield,Marathahalli Bridge,15338,41.28942688534909,1.3117196794348442,46.01188464694239,73.88858164218053,0,80.676,62.94276884853405,76.81348030669237,51.42184913610289,100,Clear,No
2023-10-12,Whitefield,Marathahalli Bridge,9055,48.268587319440925,1.3500951917874862,38.20629305412909,48.350150816874205,3,68.11,37.55902586836056,72.68215479647452,57.72858821562631,193,Windy,No
2023-10-13,Whitefield,Marathahalli Bridge,16400,34.85360056535813,1.3111536428555146,54.45386794457928,77.97933701823953,1,82.8,16.61003646541492,90.70135433873058,51.39516721559483,103,Clear,No
2023-10-15,Whitefield,Marathahalli Bridge,14532,47.58777125743464,1.156690535032363,46.31359430195624,72.77219701621135,0,79.064,55.58918624918716,76.37401110761687,62.104896642834056,187,Clear,No
2023-10-19,Whitefield,Marathahalli Bridge,27988,31.395288405123413,1.5,90.16731626820577,100.0,2,105.976,77.7990121429206,81.12728497767023,69.47430611817701,122,Clear,No
2023-10-20,Whitefield,Marathahalli Bridge,18918,43.69198660073106,1.1213733137209128,63.13819051672289,94.96798831051925,0,87.836,51.11168677584263,93.724544036991,97.25583101267924,94,Rain,No
2023-10-21,Whitefield,Marathahalli Bridge,30830,49.298707043507406,1.5,95.04038023104562,100.0,2,111.66,38.59231290386552,87.99563920309035,94.06757146129836,113,Overcast,No
2023-10-23,Whitefield,Marathahalli Bridge,13414,44.722470647615005,1.0377235865320953,35.751858553188484,62.22709829482176,1,76.828,74.53408127105033,85.06337152105264,90.33972177014782,191,Clear,No
2023-10-26,Whitefield,Marathahalli Bridge,18532,43.54045960080682,1.2855398226610737,55.22567455113166,96.91353988722722,0,87.064,25.56598984929898,97.5649847402411,72.03373269133681,89,Clear,No
2023-10-27,Whitefield,Marathahalli Bridge,6530,55.78589116389919,1.2511931130898577,31.0549614998848,36.48398778960759,0,63.06,67.13379372440009,91.91049187500124,95.86272416426908,202,Clear,No
2023-10-29,Whitefield,Marathahalli Bridge,28454,45.55535066999396,1.5,98.5455606032332,100.0,2,106.908,63.63545425585304,62.16183681534493,58.26281801200723,97,Clear,No
2023-10-30,Whitefield,Marathahalli Bridge,26660,24.699252957037,1.5,84.36322581626862,100.0,4,103.32,65.13079858262643,89.21980183233805,64.56651615530915,98,Clear,No
2023-11-02,Whitefield,Marathahalli Bridge,8264,41.61875006248441,1.2094785196440514,25.26709262072668,38.98250433628246,1,66.52799999999999,49.4454886826214,99.3748198372151,87.6448299222987,195,Clear,No
2023-11-04,Whitefield,Marathahalli Bridge,16370,48.16718436580405,1.374451236213336,59.84221642602184,80.712299757024,1,82.74000000000001,75.459832497533,68.4706936649892,68.62988117108523,96,Rain,No
2023-11-05,Whitefield,Marathahalli Bridge,16894,66.26873396394458,1.1468843328647502,54.96536527432939,89.13203077078009,0,83.788,23.103955347597957,81.52209468420709,98.88374640551685,107,Fog,Yes
2023-11-06,Whitefield,Marathahalli Bridge,24148,47.630539197086776,1.2373231544823355,86.37116546807795,100.0,0,98.296,69.19663830933627,86.27639652834489,99.1327607409697,97,Rain,No
2023-11-09,Whitefield,Marathahalli Bridge,25440,20.0,1.5,80.02636035763567,100.0,3,100.88,11.853009643752356,99.5343422511724,58.68118513406782,120,Fog,No
2023-11-10,Whitefield,Marathahalli Bridge,24352,44.2110424057048,1.37966168737555,79.35717327388588,100.0,1,98.704,48.70586048898392,66.7791686514733,78.85905175868577,96,Clear,No
2023-11-15,Whitefield,Marathahalli Bridge,15532,43.29731553660008,1.128380705467067,58.01613119786157,74.12510387592273,0,81.064,41.48086361977745,84.55357369680465,61.86673859767605,103,Rain,No
2023-11-16,Whitefield,Marathahalli Bridge,31492,32.23218693215907,1.5,100.0,100.0,5,112.984,34.810663620626244,89.34500505435258,77.95074540319706,102,Overcast,Yes
2023-11-20,Whitefield,Marathahalli Bridge,35907,39.32355245631437,1.5,100.0,100.0,2,121.814,49.3170908682252,86.45424430641924,50.12904428886702,102,Clear,No
2023-11-24,Whitefield,Marathahalli Bridge,23682,36.750408815867495,1.060222835041315,78.33507229066089,100.0,1,97.364,23.852149173979058,74.45401274722502,57.2460873859316,110,Clear,No
2023-11-27,Whitefield,Marathahalli Bridge,18986,28.69830033558693,1.32412730886242,55.66541962432333,91.44408845417448,0,87.97200000000001,69.6233027435207,99.46636988700536,77.30652544023616,89,Fog,Yes
2023-11-28,Whitefield,Marathahalli Bridge,22030,46.12704527524564,1.135721653519765,70.10335788388515,100.0,0,94.06,49.97166771697257,72.88368182588161,75.09195692206757,99,Overcast,No
2023-11-29,Whitefield,Marathahalli Bridge,16736,45.85666634402437,1.101702029073549,52.600525629380456,82.75875065883156,0,83.47200000000001,58.192533170452585,65.05130959946041,93.92074127094963,97,Fog,No
2023-11-30,Whitefield,Marathahalli Bridge,7224,35.393798373515125,1.0342374894980098,14.31190928541972,36.14761234732184,0,64.44800000000001,26.27961134569893,99.23599609505617,57.42033928927796,190,Overcast,No
2023-12-03,Whitefield,Marathahalli Bridge,27008,30.625271072365084,1.5,90.74236963293984,100.0,1,104.016,72.16695862621121,67.77813141077493,66.63973128687994,84,Clear,No
2023-12-04,Whitefield,Marathahalli Bridge,29266,27.42640018142603,1.5,95.3746423279526,100.0,5,108.532,47.94130655166846,92.86070961891168,78.49659307752248,110,Clear,No
2023-12-05,Whitefield,Marathahalli Bridge,22346,45.20080369156013,1.0700590316810867,77.6291546154258,100.0,1,94.692,37.13734565204599,62.34766165985151,64.12776528187418,86,Clear,No
2023-12-06,Whitefield,Marathahalli Bridge,8547,37.77218456916593,1.3448532323449027,20.239802862099356,44.27720976169436,0,67.094,51.13614908101798,93.9518582492202,71.39742465154482,186,Windy,No
2023-12-07,Whitefield,Marathahalli Bridge,6382,53.41715279342349,1.1359457691310442,15.406716830986944,28.02724910114531,0,62.764,71.37906433568102,94.86980575301044,97.25308061030536,194,Rain,No
2023-12-10,Whitefield,Marathahalli Bridge,17431,43.353448153911366,1.0797899121422656,57.7127155815041,82.25448601135786,1,84.862,32.43609909080189,65.11869123117457,81.5082712778279,99,Overcast,No
2023-12-14,Whitefield,Marathahalli Bridge,18198,44.938201445192426,1.2113409670623534,66.49715809276805,90.73464574699072,1,86.396,67.6950491937009,91.88542580488829,61.24325012504963,113,Fog,No
2023-12-19,Whitefield,Marathahalli Bridge,6505,39.81742304446068,1.2877539895183714,22.98172493259262,36.86532634805425,1,63.01,66.88801045250571,62.69274094210672,91.03952511266124,184,Clear,No
2023-12-20,Whitefield,Marathahalli Bridge,16164,36.45027688096717,1.0085052739248903,59.57838225355261,82.31029619516627,0,82.328,33.06716686769204,72.22390675953977,96.1293262703933,114,Clear,No
2023-12-21,Whitefield,Marathahalli Bridge,20469,53.01442500287117,1.143356678365519,69.2915085355511,99.65994025940886,2,90.938,61.04849543394916,69.36503867693078,50.32708262176441,105,Overcast,No
2023-12-25,Whitefield,Marathahalli Bridge,27117,47.71553249282999,1.5,85.06159156332932,100.0,2,104.234,68.59935017321968,80.15558272280208,92.88672666356024,100,Clear,No
2023-12-26,Whitefield,Marathahalli Bridge,9873,48.48323185224788,1.0148286249952347,33.259455332424736,48.57113210249322,0,69.746,48.361065891538914,88.63410379843836,56.22308812710137,208,Overcast,No
2023-12-30,Whitefield,Marathahalli Bridge,7533,31.69216031316374,1.0412994673832214,27.70434457451718,34.91511793327386,0,65.066,69.88142423799712,82.76392062799871,56.74094088116546,178,Clear,No
2023-12-31,Whitefield,Marathahalli Bridge,28848,35.92631003917412,1.5,97.65289745042315,100.0,2,107.696,24.389385629721573,63.65145155203009,68.9170615676629,107,Clear,No
2024-01-02,Whitefield,Marathahalli Bridge,19548,50.72682562200063,1.1743324230130867,72.49090485104259,98.58394751223692,2,89.096,12.834196468018462,63.00114172175224,98.1859450504804,101,Clear,No
2024-01-03,Whitefield,Marathahalli Bridge,22653,56.6140513119182,1.3918456835959203,67.25435793913655,100.0,1,95.306,28.634345589146125,98.21828293945362,66.95024458800717,101,Clear,No
2024-01-04,Whitefield,Marathahalli Bridge,35843,32.22503854661299,1.5,100.0,100.0,0,121.686,77.79468520019533,68.44436255270776,69.10792355799194,84,Overcast,No
2024-01-05,Whitefield,Marathahalli Bridge,13639,28.670829011922685,1.1456671851168176,35.70750201837544,72.57385127017788,1,77.27799999999999,34.564796997648315,77.69931381516,60.83660809629703,224,Overcast,No
2024-01-07,Whitefield,Marathahalli Bridge,27456,51.30917426176163,1.5,86.21584764561896,100.0,1,104.912,14.231227160131764,69.8284785211991,86.19585284549726,92,Rain,No
2024-01-08,Whitefield,Marathahalli Bridge,6716,42.7014441520229,1.154510307080096,29.7037377992413,29.8012767479202,0,63.432,77.60157816359693,71.7411064280107,93.06560506170445,202,Clear,No
2024-01-09,Whitefield,Marathahalli Bridge,30360,40.20487561449991,1.5,98.55033705407357,100.0,2,110.72,50.42644261532946,70.31341292507045,69.21790920772257,99,Clear,No
2024-01-13,Whitefield,Marathahalli Bridge,15073,62.451248394105264,1.1270269588808817,49.21661108609021,73.51648292343913,0,80.146,21.519971224005825,96.99007209219914,71.03844425542275,99,Clear,No
2024-01-16,Whitefield,Marathahalli Bridge,34524,52.19020670086304,1.5,100.0,100.0,2,119.048,33.115321263642016,79.33701973419944,82.01847982724438,99,Clear,Yes
2024-01-19,Whitefield,Marathahalli Bridge,8018,43.91924621966174,1.1445010970452714,22.3326299702142,36.232888462312125,1,66.036,56.31493947986521,61.554337768562426,82.88584700282351,206,Clear,Yes
2024-01-20,Whitefield,Marathahalli Bridge,11947,49.8429562911068,1.063267351222687,38.41626951496608,55.631902235714136,0,73.894,20.106192408405853,89.15358092548725,77.35458419555147,175,Clear,No
2024-01-21,Whitefield,Marathahalli Bridge,24208,49.02170522955661,1.050262564005661,86.68945538899914,100.0,0,98.416,55.9009409731127,93.22276330388226,74.13809972348423,119,Rain,No
2024-01-22,Whitefield,Marathahalli Bridge,12803,29.016555063947056,1.257089094563935,38.35433732440643,68.0489090318251,0,75.606,71.5932580780422,96.69532889168252,88.43532526327533,189,Clear,No
2024-01-25,Whitefield,Marathahalli Bridge,31585,51.03168141535312,1.5,100.0,100.0,2,113.17,76.68522451760147,70.59978602158483,91.72015493079536,87,Clear,No
2024-01-26,Whitefield,Marathahalli Bridge,27001,47.17219284520407,1.5,96.37052334175748,100.0,1,104.002,10.709892476279094,73.76321329778756,84.71974393628733,95,Clear,No
2024-01-29,Whitefield,Marathahalli Bridge,21591,74.85091995371862,1.1535490684376657,78.66417431242004,100.0,3,93.182,29.16457688057733,92.39514147110155,63.84323717342811,78,Fog,No
2024-01-31,Whitefield,Marathahalli Bridge,6120,56.458609838494326,1.0732254511275268,24.37945202045738,33.242876036472275,1,62.24,63.897000141603904,66.39323836696762,89.83253021188466,183,Fog,No
2024-02-01,Whitefield,Marathahalli Bridge,15410,32.95974579171334,1.116752194905528,48.22724693442179,75.28119815097196,2,80.82,47.52084396646039,86.47529235228299,62.29024166718451,80,Fog,No
2024-02-03,Whitefield,Marathahalli Bridge,14800,57.81447655624709,1.110152342821908,49.715573462633465,69.84842068316733,1,79.6,75.17980168842364,97.82481156563792,77.26409369842486,200,Overcast,No
2024-02-05,Whitefield,Marathahalli Bridge,27407,20.0,1.5,88.24158353375803,100.0,4,104.814,61.18692830422442,80.82425547869613,83.04605931126702,97,Clear,No
2024-02-07,Whitefield,Marathahalli Bridge,17201,54.78786596682737,1.301394590735189,54.61450260391172,83.23728204676405,1,84.402,58.197763008853634,94.8921772445696,67.22150952435055,108,Rain,No
2024-02-13,Whitefield,Marathahalli Bridge,23744,45.76908598602784,1.3276057242798829,81.83859646518208,100.0,0,97.488,59.3803195795974,91.14595423942288,51.25950748994092,107,Clear,No
2024-02-17,Whitefield,Marathahalli Bridge,37034,45.801903919838765,1.5,100.0,100.0,2,124.068,33.816288870407234,81.97762251369484,52.6543526355728,106,Clear,No
2024-02-18,Whitefield,Marathahalli Bridge,22683,38.56452830887936,1.060815587115124,72.27389612772302,100.0,1,95.366,61.93589622347072,84.45003580269186,84.17121811982099,100,Clear,No
2024-02-22,Whitefield,Marathahalli Bridge,8657,46.26595124964977,1.0647897958234174,32.01523136359041,40.87806055530493,0,67.314,68.63570392328822,78.91270549479081,53.33647138816258,214,Windy,No
2024-02-23,Whitefield,Marathahalli Bridge,25866,34.29338457715023,1.5,95.79665092380372,100.0,0,101.732,24.13510228344209,97.06858862373288,57.577757458554586,103,Clear,No
2024-02-24,Whitefield,Marathahalli Bridge,30886,27.787847790383616,1.5,98.50703550541124,100.0,4,111.772,33.88765015670272,61.92868694820281,65.42685551420598,106,Clear,No
2024-02-25,Whitefield,Marathahalli Bridge,23635,36.37965005917668,1.385027753716085,86.33324297107198,100.0,1,97.27,27.57526360828857,65.62388408025912,88.18358071790081,112,Clear,No
2024-02-26,Whitefield,Marathahalli Bridge,19990,43.96524649337054,1.1430106835140847,64.91128227937851,95.50292937816664,1,89.97999999999999,33.76418207950053,67.1829983468643,87.14907385229206,101,Clear,No
2024-03-01,Whitefield,Marathahalli Bridge,23538,52.11867169184262,1.371831203652054,86.5438158411549,100.0,3,97.076,49.08565509479569,87.2179504427442,76.05257951220815,100,Windy,No
2024-03-03,Whitefield,Marathahalli Bridge,16008,47.71894724996093,1.3337968356205387,61.50213859742515,75.04427696773921,0,82.01599999999999,72.28196293957132,87.70132080758536,86.96149387606582,101,Clear,No
2024-03-04,Whitefield,Marathahalli Bridge,29396,33.97440386308206,1.5,99.37398640092256,100.0,1,108.792,65.98290679795267,61.82042830941447,78.75514213618543,86,Clear,No
2024-03-06,Whitefield,Marathahalli Bridge,22572,51.83142894397666,1.1037146719404067,82.8828939646739,100.0,5,95.144,30.449684636967003,98.93416583725369,75.31283594229478,85,Fog,No
2024-03-07,Whitefield,Marathahalli Bridge,12820,49.7499534603574,1.3899391017420912,34.930139031769244,66.86690268807627,0,75.64,38.19008328534802,92.03196007562126,51.81086772905425,199,Clear,No
2024-03-08,Whitefield,Marathahalli Bridge,19301,46.42225095539139,1.206732412978512,67.919011835046,99.20110981046147,3,88.602,30.33303312634378,72.07783207145135,54.60348864422767,105,Clear,No
2024-03-09,Whitefield,Marathahalli Bridge,21186,41.19431131251138,1.030669567372436,61.816738821442826,100.0,2,92.372,15.730188517874534,86.58303724579193,90.9431641886524,108,Clear,No
2024-03-11,Whitefield,Marathahalli Bridge,15784,44.79952556691067,1.3193019546090368,60.929722931475766,80.34409337564547,1,81.568,15.91421762113633,98.67118100930624,64.87568124731331,106,Clear,No
2024-03-12,Whitefield,Marathahalli Bridge,14266,49.43326224201352,1.051183835953038,41.2403666998297,69.32066829968933,2,78.532,53.7983850818813,87.54177097087224,99.34756646335636,176,Overcast,No
2024-03-13,Whitefield,Marathahalli Bridge,15574,31.891080146526075,1.299273222580961,55.11686231039471,81.58506072111659,0,81.148,63.18772336553751,84.34023017364824,98.23699729516056,111,Overcast,No
2024-03-15,Whitefield,Marathahalli Bridge,21070,48.23829406583289,1.176680521911561,75.01987150479938,100.0,2,92.14,35.23057455568267,63.36402530250244,79.91439706617057,98,Fog,No
2024-03-16,Whitefield,Marathahalli Bridge,26464,34.94217524238618,1.5,82.53367828080765,100.0,1,102.928,47.16234209548015,87.92265275521272,54.03450694261237,96,Clear,No
2024-03-18,Whitefield,Marathahalli Bridge,27232,50.35246466892715,1.5,85.50972592732793,100.0,2,104.464,55.96014287869516,67.99925830724176,50.06350686201055,112,Overcast,No
2024-03-19,Whitefield,Marathahalli Bridge,21246,36.388794423650765,1.1675901607310393,67.17377408621178,100.0,1,92.492,47.78807524721454,96.11279863942292,53.22762711703689,108,Rain,No
2024-03-20,Whitefield,Marathahalli Bridge,17077,48.06816065186965,1.3567081875667577,53.17768676757787,87.47185895139046,0,84.154,29.908748343150503,80.63866881626296,88.78994771993767,89,Rain,No
2024-03-25,Whitefield,Marathahalli Bridge,33507,30.040806904804622,1.5,100.0,100.0,2,117.014,36.30529946038398,98.49801319869378,53.53508287246053,100,Clear,No
2024-03-26,Whitefield,Marathahalli Bridge,9214,38.83955829495751,1.3197194568860413,28.301934272430103,47.2730781193805,1,68.428,47.8160480013504,84.95090669937332,72.03301632919658,209,Rain,No
2024-03-28,Whitefield,Marathahalli Bridge,30794,51.02053789397232,1.5,100.0,100.0,0,111.588,78.22101502450951,96.74112517063293,62.63625788538438,103,Overcast,No
2024-03-30,Whitefield,Marathahalli Bridge,17914,53.78275524058393,1.1574236021379678,55.6906292661001,85.03015993345772,0,85.828,27.34289896686913,93.36222292903828,74.47526391948418,102,Clear,No
2024-04-01,Whitefield,Marathahalli Bridge,17045,38.95315457926663,1.2418956889815436,57.63623697517318,86.78558073800397,1,84.09,78.57885032321475,74.1759858744798,53.91187138345867,111,Clear,No
2024-04-02,Whitefield,Marathahalli Bridge,20317,36.189830455180896,1.040484793228288,57.86209517592762,100.0,0,90.634,68.10076571553324,85.62594467502265,90.27427217203044,103,Clear,No
2024-04-08,Whitefield,Marathahalli Bridge,31151,23.714468518473225,1.5,100.0,100.0,1,112.302,49.83120396331236,94.22145621186884,61.998589694259216,80,Fog,No
2024-04-12,Whitefield,Marathahalli Bridge,30213,30.617588532584023,1.5,100.0,100.0,2,110.426,67.48230877208023,83.10321598612423,85.74827293285941,106,Windy,Yes
2024-04-13,Whitefield,Marathahalli Bridge,15406,58.37695412740421,1.0602429170107612,59.736716287697874,79.43454516708911,0,80.812,79.1429629329823,84.75898742030942,75.74592521529262,101,Clear,No
2024-04-16,Whitefield,Marathahalli Bridge,24151,50.83736525454758,1.2424821570593565,88.53035655112869,100.0,3,98.302,13.958223304014323,94.59938898493166,62.92188271024965,96,Rain,No
2024-04-20,Whitefield,Marathahalli Bridge,7703,45.1174513570052,1.223797458622524,24.67011638104745,36.95149947874345,0,65.406,68.06067954317098,80.44273805329884,64.3697846117464,208,Clear,No
2024-04-22,Whitefield,Marathahalli Bridge,19833,39.40749987768992,1.2934475978650626,62.791831262679125,100.0,0,89.666,63.15404946215225,88.94862541814567,76.13022547460228,112,Clear,No
2024-04-23,Whitefield,Marathahalli Bridge,8216,54.460503508853904,1.1040759869074497,35.06628224488796,44.57787013318425,0,66.432,26.358571081692617,67.22095133989532,59.45966604562679,210,Overcast,No
2024-04-24,Whitefield,Marathahalli Bridge,30381,33.177030120086016,1.5,100.0,100.0,1,110.762,51.14537865596637,96.73595913231642,64.55877387034018,110,Overcast,No
2024-04-26,Whitefield,Marathahalli Bridge,7916,37.0937813376872,1.084866470560524,21.728229037262476,39.93950318972001,0,65.832,29.724520606734032,98.85925513697612,57.22936892595175,205,Clear,No
2024-04-27,Whitefield,Marathahalli Bridge,20809,39.31130503181637,1.3636810068646352,60.19916079072373,100.0,2,91.618,29.226544403626068,91.41887722011114,85.70864970427638,80,Windy,No
2024-05-02,Whitefield,Marathahalli Bridge,23671,33.19197134219357,1.33657818941454,79.02924003681407,100.0,4,97.342,23.526183250127037,79.95476286774232,83.96852053281606,125,Overcast,No
2024-05-03,Whitefield,Marathahalli Bridge,17382,25.03380412766305,1.1389158202759957,56.54782406999066,87.9621772300566,1,84.76400000000001,24.7795598356724,67.5495484748344,70.86946610436607,83,Clear,No
2024-05-04,Whitefield,Marathahalli Bridge,17299,40.18626397697975,1.3999957539304857,63.43867436677133,84.80021729276822,0,84.598,41.68398777215573,96.78943005251486,80.0341410821433,106,Clear,No
2024-05-05,Whitefield,Marathahalli Bridge,32569,44.30409272816188,1.5,100.0,100.0,0,115.138,64.8693377231946,92.26240839575183,69.58821135621177,81,Clear,No
2024-05-06,Whitefield,Marathahalli Bridge,22672,39.324321743565065,1.376959771807574,85.5450648137784,100.0,1,95.344,57.01358240599261,78.73348371625111,76.92013713809473,117,Clear,No
2024-05-08,Whitefield,Marathahalli Bridge,14948,43.90643565599096,1.1298299610726712,43.39858828026972,71.80645273436696,2,79.896,16.73300072423121,91.04641360313208,91.71904482373763,191,Clear,No
2024-05-11,Whitefield,Marathahalli Bridge,24301,41.29769982896822,1.3447683841963562,78.50798421367163,100.0,1,98.602,25.53662109446829,68.35174535712154,55.57150431362015,105,Clear,No
2024-05-12,Whitefield,Marathahalli Bridge,18228,49.93226210258489,1.174164028852572,60.467390995667294,86.2007123691135,2,86.456,31.249232102592707,67.03557135010355,86.23738758884738,97,Clear,No
2024-05-13,Whitefield,Marathahalli Bridge,18922,61.67166279300895,1.205063944865942,53.53281216128225,97.8621647555096,0,87.844,41.378533981745775,86.80529962294013,83.1745714562941,93,Overcast,No
2024-05-14,Whitefield,Marathahalli Bridge,23384,50.94911113668017,1.0946119253184292,87.0202667545885,100.0,2,96.768,66.7110454575573,86.79004143837027,87.32857397382332,91,Windy,No
2024-05-17,Whitefield,Marathahalli Bridge,16876,55.43439067685274,1.0721937576183231,58.3973190481737,85.65861239976688,0,83.75200000000001,46.76501845467911,87.68668428023355,95.05262024159543,112,Overcast,No
2024-05-18,Whitefield,Marathahalli Bridge,27452,20.0,1.5,98.5406969212924,100.0,1,104.904,21.07363026740167,60.78590872694775,76.75499326705366,101,Clear,No
2024-05-19,Whitefield,Marathahalli Bridge,22316,47.172603804330514,1.306973815748779,67.34263981235476,100.0,0,94.632,44.481778056361534,68.3485988225089,85.71245138912803,103,Fog,No
2024-05-21,Whitefield,Marathahalli Bridge,9404,45.23623324778936,1.102885083248818,38.40695853590135,45.1412303739636,1,68.80799999999999,71.94367472060408,60.055334987264345,66.98526553411159,195,Clear,No
2024-05-22,Whitefield,Marathahalli Bridge,21578,37.31720775305647,1.3447148922301952,66.28375615624338,100.0,0,93.156,48.0350224755556,79.03416510560575,88.22987656017608,114,Clear,No
2024-05-23,Whitefield,Marathahalli Bridge,9272,49.00845273893333,1.2919648432690627,40.31717393654259,50.436216568896185,0,68.544,53.82023131265222,78.97816363722667,59.334373754130965,211,Rain,Yes
2024-05-24,Whitefield,Marathahalli Bridge,14189,44.64164492733515,1.2460574833390383,52.877882389553946,72.22521295997203,0,78.378,56.85798136679074,79.44724891828747,71.46562543131827,191,Clear,No
2024-05-25,Whitefield,Marathahalli Bridge,30289,27.43991211806128,1.5,99.27949695196055,100.0,2,110.578,28.61380721315087,83.6235924991769,83.463258224339,103,Overcast,No
2024-05-27,Whitefield,Marathahalli Bridge,23784,28.709773787057,1.3453041470248313,75.23389912946664,100.0,1,97.568,56.692183029124855,94.66663288505735,73.94334836880824,114,Clear,No
2024-05-28,Whitefield,Marathahalli Bridge,40114,41.34364683250888,1.5,100.0,100.0,3,130.228,14.511599713446191,68.76142012840658,50.35743573110333,88,Clear,No
2024-05-29,Whitefield,Marathahalli Bridge,15912,38.50764514521257,1.361880428524595,61.04615174423922,82.28220553237597,0,81.824,44.14282317996561,64.63199952502276,78.89157450713928,98,Clear,No
2024-05-30,Whitefield,Marathahalli Bridge,31325,21.170445350497356,1.5,100.0,100.0,0,112.65,35.90928522465403,77.81690221914695,74.48380793078863,103,Clear,Yes
2024-05-31,Whitefield,Marathahalli Bridge,29891,29.062033791710896,1.5,100.0,100.0,1,109.782,55.43654545376177,94.47300132062968,99.01766429456556,99,Clear,No
2024-06-08,Whitefield,Marathahalli Bridge,19360,36.60032554938725,1.1503707031845978,70.79177866894597,100.0,1,88.72,11.292227196265078,90.48656264187753,81.24533100764259,94,Clear,No
2024-06-12,Whitefield,Marathahalli Bridge,19169,34.109005855887595,1.1867493594228098,57.0937807690965,95.2298655837992,2,88.338,40.170584260051335,94.36203821618078,62.56174260131223,111,Clear,No
2024-06-13,Whitefield,Marathahalli Bridge,21337,33.83087896523768,1.2979696477572302,68.82256270633395,100.0,1,92.674,40.435390005522365,73.8672121479338,72.69296835285691,109,Clear,No
2024-06-15,Whitefield,Marathahalli Bridge,25156,36.28603595367233,1.5,81.38860968290322,100.0,3,100.312,36.861014688998,61.41203586891304,92.1836413130349,104,Clear,No
2024-06-16,Whitefield,Marathahalli Bridge,7919,53.31661651634201,1.3484299124107733,27.2681763619229,35.78239046419192,1,65.838,46.801981555947606,71.19538584605499,91.71415861671592,178,Overcast,No
2024-06-17,Whitefield,Marathahalli Bridge,15110,52.99447695372496,1.3558048273333223,48.711084474795285,77.60774951230249,0,80.22,48.02641416212122,73.14507060065303,63.07319541343162,105,Rain,No
2024-06-18,Whitefield,Marathahalli Bridge,25193,20.0,1.5,90.31190347726324,100.0,0,100.386,37.43005557203919,60.26772043896399,77.49443020903165,98,Windy,No
2024-06-20,Whitefield,Marathahalli Bridge,16815,45.11573735216094,1.112080978823733,50.21626510052557,85.66133338418153,0,83.63,60.25420847041278,84.85282933286378,96.12181613779238,92,Fog,No
2024-06-22,Whitefield,Marathahalli Bridge,12125,41.40032330366312,1.2441320493525272,31.7699791792078,57.90569513671071,2,74.25,26.644403495529268,74.13316808829431,91.19854214003978,205,Fog,No
2024-06-23,Whitefield,Marathahalli Bridge,13561,44.78514704814943,1.2691494313253204,43.375793657945216,66.64478628329202,0,77.122,53.42299880045661,86.39662010506478,54.02389892204914,204,Clear,No
2024-06-26,Whitefield,Marathahalli Bridge,21542,51.95501512345941,1.3713252736575887,66.09837708818608,100.0,0,93.084,10.575188155638331,84.46162980400922,77.76757875313415,105,Clear,No
2024-06-28,Whitefield,Marathahalli Bridge,20918,38.84702518043737,1.211389921640483,75.64609287965135,100.0,1,91.836,34.37368433661737,92.97813310302703,74.81333823915995,96,Overcast,No
2024-06-29,Whitefield,Marathahalli Bridge,18055,47.196962445653455,1.2655073210429002,53.87928062150971,90.08460273482343,0,86.11,51.74517751340952,83.99860482947841,67.77166190323355,89,Clear,No
2024-07-01,Whitefield,Marathahalli Bridge,33093,37.846979254181086,1.5,100.0,100.0,2,116.186,64.77471967189882,72.79578988095874,58.28227140612052,93,Clear,No
2024-07-03,Whitefield,Marathahalli Bridge,35091,20.0,1.5,100.0,100.0,5,120.182,26.50777827429321,93.9954113488489,56.167735009458994,90,Clear,No
2024-07-06,Whitefield,Marathahalli Bridge,6290,25.235982367953188,1.1295378635776627,13.06616264823795,35.050404411253325,1,62.58,31.79122622424171,95.70471140354864,65.25565336935232,206,Windy,No
2024-07-09,Whitefield,Marathahalli Bridge,35310,36.642533891018736,1.5,100.0,100.0,3,120.62,32.21899471123305,64.17158848019788,69.92079944651651,113,Clear,No
2024-07-10,Whitefield,Marathahalli Bridge,28470,44.00143367772469,1.5,87.70766858445106,100.0,4,106.94,17.723738452901678,90.47503301772294,92.11511319353204,77,Clear,No
2024-07-12,Whitefield,Marathahalli Bridge,16290,44.86127291766034,1.1366531536197688,53.29331462633195,86.3037972560352,0,82.58,58.22619833477022,82.36974678994524,92.18230983393242,100,Clear,No
2024-07-14,Whitefield,Marathahalli Bridge,25431,36.27567688405075,1.5,87.53770866650821,100.0,2,100.862,56.88111150421807,89.72687733955716,89.84257505354856,113,Clear,No
2024-07-15,Whitefield,Marathahalli Bridge,28694,43.70329332467807,1.5,100.0,100.0,1,107.388,23.074369740034108,88.37514590983989,70.0903737717567,80,Clear,No
2024-07-16,Whitefield,Marathahalli Bridge,21663,22.92255319467926,1.3629176461454335,63.327978099953285,100.0,0,93.326,22.753124535149013,92.02026057360428,53.75181136851522,87,Clear,No
2024-07-21,Whitefield,Marathahalli Bridge,15938,43.99778306447765,1.1229540033621188,45.703764485091625,75.0337677953884,0,81.876,36.51182201051372,75.05458652790415,64.6046536143403,99,Clear,No
2024-07-23,Whitefield,Marathahalli Bridge,30196,41.56669682915104,1.5,98.72085265520734,100.0,3,110.392,79.41284922364984,61.24117825044674,56.87914677592288,109,Clear,No
2024-07-25,Whitefield,Marathahalli Bridge,27553,33.50516525161267,1.5,87.15662430828786,100.0,4,105.106,12.52529447622546,70.7647125956631,54.07129829428823,109,Clear,No
2024-07-26,Whitefield,Marathahalli Bridge,15456,44.21450877394514,1.158271778418397,46.8083708757896,77.82870562141883,0,80.912,63.185288505118,89.01439861477722,54.23571559611915,93,Clear,No
2024-07-28,Whitefield,Marathahalli Bridge,21867,49.32249432332364,1.0059916408703278,71.90720481887932,100.0,2,93.734,45.08977149483702,78.9594550623525,85.25219728408743,105,Clear,No
2024-07-30,Whitefield,Marathahalli Bridge,31240,28.820612496846856,1.5,100.0,100.0,2,112.48,63.43316755533625,76.97946436227835,55.78318725997985,104,Overcast,No
2024-08-01,Whitefield,Marathahalli Bridge,23665,36.06583056512586,1.1782291311090076,84.35479138353304,100.0,1,97.33,26.360998949780512,74.98969706938603,56.72447931550944,88,Clear,No
2024-08-04,Whitefield,Marathahalli Bridge,34371,27.615694186049687,1.5,100.0,100.0,1,118.742,34.975449901196114,80.53987136782965,67.10138196921058,92,Rain,No
2024-08-05,Whitefield,Marathahalli Bridge,24916,58.60395865589253,1.367918817669716,80.39957369339089,100.0,1,99.832,74.22522953592846,81.99654901230078,82.02345239692094,91,Windy,Yes
2024-08-07,Whitefield,Marathahalli Bridge,24793,32.326592881476394,1.251394324462226,79.015275600364,100.0,1,99.586,40.683669982086734,93.40448979879096,97.41984430237596,82,Rain,No
2024-08-08,Whitefield,Marathahalli Bridge,23999,32.731127592162366,1.213251101698376,86.82860635646688,100.0,2,97.998,71.68514108076627,68.25416187930367,87.42932276666497,84,Clear,No
